"1-hand,""A 1 Main"""
"1-hand (stab or slash),""A 1 Main (Poignarder ou Taillader)"""
"1-hand (thrown),""A 1 Main (Lancer)"""
"2-hand,""A 2 Mains"""
"A Bottomless Ocean,""Un Ocean sans Fond"""
"A Friend in Every City,"" Un Ami dans chaque Port"""
"A Samurai's Fate,""Le Destin d'un Samurai"""
"Abacus,""Boulier"""
"Accursed Summoning,""Invocation Maudite"""
"Accustomed to Luxury,""HabituÈ au Luxe"""
"Adaptability, friendliness or awareness,""AdaptabilitÈ, AmitiÈ ou Conscience"""
"Addiction,""Addiction"""
"Adopted Peasant,""Paysan adoptÈ"""
"Adversity and Skill,""AdversitÈ et CompÈtence"""
"Advisor,""Conseiller"""
"Aesthetics,""EsthÈtique"""
"Agasha,""Agasha"""
"Agasha Mystic School,""Ecole de Shugenja Agasha"""
"Air,""Air"""
"Air Fist,""Poing de l'Air"""
"Air Invocations,""Invocation de l'Air"""
"Air Kih≈ç,""Kiho de l'Air"""
"Air Sh≈´ji,""Shuji de l'Air"""
"Akodo,""Akodo"""
"Akodo Commander School,""Ecole de GÈnÈraux Akodo"""
"Akodo's Final Lesson,""La derniËre leÁon d'Akodo"""
"All Arts Are One,""Tout Art est Unique"""
"All in Jest,""Tout en Plaisantant"""
"Allergy [choose one],""Allergie (Choisissez)"""
"Ally [Name],""AlliÈ [Nom]"""
"Ambidexterity,""Ambidextrie"""
"Ancestry Unearthed,""DÈcouvrir les Origines"""
"Animal Bond,""Lien Animal"""
"Animal Trainer,""Dompteur"""
"Anxiety and other,""AnxiÈtÈ et autre"""
"Armament,""Armement"""
"Armor of Earth,""Armure de Terre"""
"Armor of Radiance,""Armure de LumiËre"""
"Artisan skills,""CompÈtences Artisanales"""
"Artisan's Appraisal,""åil de l'Expert"""
"Artisan, Bushi,""Artisan, Bushi"""
"Artisan, Courtier,""Artisan, Courtisan"""
"Asahina,""Asahina"""
"Asahina Artificer School,""Ecole d'Artificier Asahina"""
"Asako Inquisitor School,""Ecole d'Inquisiteur Asako"""
"Asako,""Asako"""
"Asako Loremaster School,""Ecole de MaÓtre du Savoir Asako"""
"Ashidaka's Method,""MÈthode Ashidaka"""
"Ashigaru Armor,""Armure Ashigaru"""
"Assortment of Maps in Scroll Cases,""Assortiment de Cartes dans des Ètuis"""
"Astrolabe,""Astrolabe"""
"Attendant,""Domestique"""
"Awe of Heaven,""Respect et Crainte du Ciel"""
"Axes,""H‚ches"""
"Ballista,""Balliste"""
"Bane of Sorcerers,""FlÈau des Sorciers"""
"Battle Trauma,""Traumatisme de Guerre"""
"Battle in the Mind,""Le Combat est dans l'Esprit"""
"Bayushi,""Bayushi"""
"Bayushi Manipulator School,""Ecole de Manipulateur Bayushi"""
"Bend with the Storm,""Affronter la TempÍte"""
"Benten's Blessing,""BÈnÈdiction de Benten"""
"Benten's Curse,""MalÈdiction de Benten"""
"Bind the Shadow,""Emprisonner les tÈnËbres"""
"Bind the Undead,""Emprisonner les Morts-Vivants"""
"Bisent≈ç,""Bisento"""
"Bishamon's Blessing,""BÈnÈdiction de Bishamon"""
"Bishamon's Curse,""MalÈdiction de Bishamon"""
"Biting Steel,""Acier Mordant"""
"Bitter Betrothal,""Union AmËre"""
"Blackmail on [Name],""Chantage sur [Nom]"""
"Blackmailed by [Character's Name],""[Personnage] vous fait chanter"""
"Blessed Lineage,""LignÈe BÈnie"""
"Blessed Wind,""Vent BÈni"""
"Blessing of Steel,""BÈnÈdiction de l'Acier"""
"Blessing of the Fortunes,""BÈnÈdiction des Fortunes"""
"Blessings of the Emperor,""BÈnÈdiction de l'Empereur"""
"Blindness,""CÈcitÈ"""
"Blissful Betrothal,""Union Heureuse"""
"Blood and Mortar,""Sang et Mortier"""
"Blood of Osano-wo,""Sang d'Osano-wo"""
"Blood of the Dragon,""Sang du Dragon"""
"Blood of the Kami,""Sang des Kami"""
"Blowgun,""Sarbacane"""
"Blunt Weapons,""Armes Contondantes"""
"Bluntness,""Franc-Parler"""
"Bokken,"""""
"Bonsai,"""""
"Born in the Saddle,""NÈ en Selle"""
"Bottle of Sake,""Flasque de Sake"""
"Bound in Ink,""L'encre me protËge"""
"Bows,""Arcs"""
"Bowyer's Kit,""NÈcessaire pour la Fabrication d'arcs et flËches"""
"Bravado,""Fanfaronnade"""
"Breaking Blow,""Coup Briseur"""
"Breath of Wind Style,""Attaque du Souffle de Vent"""
"Breath of the Fire Dragon,""Souffle du Dragon de Feu"""
"Brushwork,""Toiles et Pinceau"""
"Buoyant Arrival,""Bonnes Ondes"""
"Bushi,"""""
"Bushi, Artisan,"""""
"Bushi, Courtier,""Bushi, Courtisan"""
"Bushi, Monk,""Bushio, Moine"""
"Bushi, Shinobi,"""""
"Butterfly Sword,""EpÈe Papillon"""
"By the Light of the Lord Moon,""Par la LumiËre du Seigneur Lune"""
"B≈ç,"""""
"B≈ç of Water,""Bo de l'Eau"""
"Cadence,""Modulation de Voix"""
"Call Upon the Wind,""Faire appel au Vent"""
"Calligraphy Set,""NÈcessaire ‡ Calligraphie"""
"Capture Evil,""Capturer le Mal"""
"Caress of Earth,""Caresse de la Tere"""
"Ceremonial,""de CÈrÈmonie"""
"Ceremonial Clothes,""VÍtements de cÈrÈmonie"""
"Channel the Fire Dragon,""Canaliser le dragon de Feu"""
"Chokut≈ç,"""""
"Choose two of your character's rings; you may reduce the value of one of these rings by 1 to increase the value of the other by 1 (this still cannot raise a ring above 3). If you do not do so, choose one item of rarity 6 or lower and assign it to your starting outfit.,""Vous pouvez baissez un anneau de 1 pour en augmenter un autre de 1, Si vous ne le faites pas, vous pouvez choisir un objet de raretÈ 6 ou moins ‡ inclure dans votre Èquipement de dÈpart"""
"Chopsticks,""Baguettes"""
"City [choose one],""Ville [choisissez]"""
"Civility Foremost,""La CivilitÈ avant tout"""
"Clan Magistrate,""Magistrat de Clan"""
"Claustrophobia,""Claustrophobie"""
"Cleansing Rite,""Rite de Purification"""
"Cleansing Spirit,""Purifier l'Esprit"""
"Climbing Kit,""NÈcessaire ‡ Escalade"""
"Cloak of Night,""Cape de Nuit"""
"Close Combat Kata,""Kata de combat rapprochÈ"""
"Club,""Masse"""
"Clumsiness,""Maladresse"""
"Cognitive Lapses,""DÈficience"""
"Coiling Serpent Style,""Technique du Serpent enroulÈ"""
"Command,""Commandement"""
"Commerce,"""""
"Common Clothes,""VÍtement commun"""
"Commune with Evil,""Communion avec le Mal"""
"Commune with the Spirits,""Communion avec les Esprits"""
"Composition,"""""
"Concealable,""Dissimulable"""
"Concealed Armor,""Armure cachÈe"""
"Courage of Seven Thunders,""Courage des 7 Tonnerres"""
"Courtesy,""Courtoisie"""
"Courtier,""Courtisan"""
"Courtier's Resolve,""La RÈsolution du Courtisan"""
"Courtier, Bushi,""Courtisan, Bushi"""
"Courtier, Shugenja,""Courtisan, Shugenja"""
"Crab,""Crabe"""
"Craft Shikigami,""Fabrication de Shikigami"""
"Crane,""Grue"""
"Crashing Wave Style,""Attaque de la Vague DÈferlante"""
"Creativity, passion or drive,""CrÈativitÈ, Passion, But"""
"Creatures,""CrÈatures"""
"Crescent Moon Style,""Position du Croissant de Lune"""
"Criminal Connections,""Contact avec la PËgre"""
"Crimson Leaves Strike,""Frappe de la Feuille Morte"""
"Crossbows,""ArbalËte"""
"Culture,"""""
"Cumbersome,""Encombrant"""
"Curiosity,""CuriositÈ"""
"Curse, Interpersonal, Spiritual,""MalÈdiction, Interpersonnel, Spirituel"""
"Curse, Mental,""MalÈdiction, Mental"""
"Curse, Mental, Spiritual,""MalÈdiction, Mental, Spirituel"""
"Curse, Physical,""MalÈdiction, Physique"""
"Curse, Physical, Spiritual,""MalÈdiction, Physique, Spirituel"""
"Curse, Spiritual,""MalÈdiction,Spirituel"""
"Cursed Lineage,""LignÈe Maudite"""
"Cynicism,""Cynisme"""
"Daidoji,"""""
"Daidoji Iron Warrior School,""Ecole du Guerrier de Fer Daidoji"""
"Daikoku's Blessing,""BÈnÈdiction de Daikoku"""
"Daikoku's Curse,""MalÈdiction de Daikoku"""
"Daiky≈´,"""""
"Daimy≈ç,"""""
"Daish≈ç Stand,""PrÈsentoir pour Daisho"""
"Damaged,""EndommagÈ"""
"Damaged Heart or Organ,""Malformation Cardiaque (ou autre organe)"""
"Dance of Seasons,""Danse des Saisons"""
"Dangerous Allure,""BeautÈ du Diable"""
"Dao,"""""
"Daredevil,""Casse-Cou"""
"Dark Reflection,""Sombre Reflet"""
"Dark Secret,""Sombre Secret"""
"Dazzling Performance,""Performance Eblouissante"""
"Dead Eyes,""HabituÈ ‡ la Mort"""
"Deadly Sting,""Dard Mortel"""
"Deafness,""SurditÈ"""
"Death Touch,""Toucher Mortel"""
"Delusions of Grandeur,""Folie des Grandeurs"""
"Demon Wound,""Blessures DÈmoniaque"""
"Demon, Begone!,""Vade Retro"""
"Design,""Stylisme"""
"Despised in [City],""MÈprisÈ dans [Ville]"""
"Destroyed,""DÈtruit"""
"Dice and Cup,""DÈs et Gobelet"""
"Disappearing World Style,""Le Monde Disparait"""
"Discomfiting Countenance,""Mine DÈconcertante"""
"Discovery,""DÈcouverte"""
"Disdain for Compassion,""DÈdain de la Compassion"""
"Disdain for Courage,""DÈdain du Courage"""
"Disdain for Courtesy,""DÈdain de la Courtoisie"""
"Disdain for Duty and Loyalty,""DÈdain des Devoirs et de  la LoyautÈ"""
"Disdain for Honor,""DÈdain de l'Honneur"""
"Disdain for Righteousness,""DÈdain de la Droiture"""
"Disdain for Sincerity,""DÈdain de la SincÈritÈ"""
"Distinction,"""""
"Divination,"""""
"Divination Kit,""NÈcessaire ‡ la Divination"""
"Doji,"""""
"Doji Diplomat School,""Ecole du Diplomate Doji"""
"Dominion of Suijin,""Domination de Suijin"""
"Doom Crossbow,""ArbalËte de la FatalitÈ"""
"Dragon,"""""
"Durable,""Solide"""
"Dynasty Builder,""Fondateur de la Dynastie"""
"Ears Everywhere,""Des Oreilles Partout """
"Earth,""Terre"""
"Earth Becomes Sky,""La Terre et Le Ciel ne font qu'un"""
"Earth Invocations,""Invocations de la Terre"""
"Earth Kih≈ç,""Kiho de la Terre"""
"Earth Needs No Eyes,""La Terre voit sans Yeux"""
"Earth Sh≈´ji,""Shuji de la Terre"""
"Earthen Fist,""Poing de la Terre"""
"Earthquake,""Tremblement de Terre"""
"Ebb and Flow,""Flux et Reflux"""
"Ebisu's Blessing,""BÈnÈdiction d'Ebisu"""
"Ebisu's Curse,""MalÈdiction d'Ebisu"""
"Eku,"""""
"Elemental Transmutation,""Transmutation Elementaires"""
"Elevated for Service,""DÈcorÈ pour Service Rendu"""
"Embrace of Kenro-Ji-Jin,""Baiser de Kenro-JI-JIn"""
"Embrace the Void,""Embrasser le Vide"""
"Emerald Explorer,""Explorateur d'Emeraude"""
"Emerald Magistrate,""Magistrat d'Emeraude"""
"Empathic Transfer,""Transfert Empathique"""
"Engineer's Kit,""NÈcessaire d'ingÈnieur"""
"Enlightened,""IlluminÈ"""
"Enlightenment,""Illumination"""
"Entreat the Shadow Steed,""Implorer la Monture fantÙme"""
"Essence of Jade,""Essence de Jade"""
"Ever-Changing Waves,""Vague toujours changeante"""
"Experiment and Adapt,""ExpÈrimenter et Adapter"""
"Expert Tracker,""Pisteur ChevronnÈ"""
"Extinguish,""Extinction des feux"""
"Eye of the Storm,""l'Oeil du Cyclone"""
"Eyes of Yotogi,""Les Yeux de Yotogi"""
"Falcon,""Faucon"""
"Fallen Ancestor,""AncÍtre dÈchu"""
"False Identity,""Fausse identitÈ"""
"False Realm of the Fox Spirits,""Faux Royaume de l'Esprit-Renard"""
"Fame, Interpersonal,""CÈlÈbritÈ, Interpersonnel"""
"Famous Deed,""Accomplissement Reconnu"""
"Famously Honest,""Connu pour son HonnÍtetÈ"""
"Famously Lucky,""Connu pour sa Chance"""
"Famously Reliable,""Connu pour sa FiabilitÈ"""
"Famously Successful,""Connu pour ses SuccËs"""
"Famously Wealthy,""Connu pour sa Richesse"""
"Fanning the Flames,""Attiser les flammes"""
"Fashion,""Mode"""
"Favor of the Ancestors,""Faveurs des AncÍtres"""
"Favor of the Fortunes,""Faveurs des Fortunes"""
"Fear of Death,""Peur de la Mort"""
"Feigned Opening,""Ouverture Feinte"""
"Ferocity,""FÈrocitÈ"""
"Field Medicine,""MÈdecine de Terrain"""
"Fiend's Retreat,""Retraite des AlliÈs"""
"Finger of Jade,""Doigt de Jade"""
"Fire,""Feu"""
"Fire Invocations,""Invocation de Feu"""
"Fire Kih≈ç,""Kiho du Feu"""
"Fire Sh≈´ji,""Shuji du Feu"""
"Fishing Rod and Line,""Canne ‡ pÍche"""
"Fitness,""Forme"""
"Flame Fist,""Poing de Feu"""
"Flaw, Mental,""DÈfaut, Mental"""
"Flexibility,""Contorsionnisme"""
"Flickering Flame Skirmisher,""La flamme vacillante"""
"Flowing Water Strike,""Au fil de l'Eau"""
"Flyssa,"""""
"Forbidden,""Interdit"""
"Foreseen in the Stars,""PrÈdit dans les Etoiles"""
"Fortune-Telling,""Bonne Aventure"""
"Fortunist Monk Order,""Ordre Monastique des Fortunistes"""
"Fox Spirit,""Esprit-Renard"""
"Fractured Spine,""Colonne fracturÈe"""
"Freezing the Lifeblood,""Geler la Source de Vie"""
"Friend of the Brotherhood,""Ami de la FraternitÈ"""
"Friend of the Nezumi,""Ami des Nezumi"""
"Fukurokujin's Blessing,""BÈnÈdiction de Fukurokujin"""
"Fukurokujin's Curse,""MalÈdiction de Fukurokujin"""
"Fukurokujin's Wit,""Sagesse de Fukurokujin"""
"Fury of Osano-wo,""Fureur d'Osano-Wo"""
"Gaijin Compass,""Boussole de Gaijin"""
"Gaijin Name, Culture or Appearance,""Nom, Culture ou Apparence Gaijin"""
"Games,""Jeux"""
"Gaze into Shadow,""Contempler les TÈnËbres"""
"General Kata,""Kata GÈnÈral"""
"Generosity,""GÈnÈrositÈ"""
"Genno,"""""
"Glorious Sacrifice,""Sacrifice Glorieux"""
"Goblin Killer,""Tueur de Bakemono"""
"Gossip,""Potins"""
"Gourmet,"""""
"Government,""Gouvernement"""
"Grace, eloquence or empathy,""Gr‚ce, Eloquence ou Empathie"""
"Grasp of Earth,""Prison de la Terre"""
"Grasp of the Air Dragon,""Dans les Serres du Dragon de l'Air"""
"Grasp the Earth Dragon,""Dans les Serres du Dragon de l'Air"""
"Great,""Grand"""
"Guns≈ç,"""""
"Hammer,""Marteau"""
"Hand Weapons,""Arme de Poing"""
"Hands of Earth and Sky,""Main de la Terre et du Ciel"""
"Hands of Tides,""Mains des MarÈe"""
"Harvester,""Moisonneuse"""
"Hasegawa's Denial,""Le DÈni de Hasegawa"""
"Haunting,""HantÈ"""
"Hawk's Precision,""PrÈcision de l'Aigle"""
"Healer's Hands,""Main du GuÈrisseur"""
"Heart of the Dragon,""Cúur du Dragon"""
"Heart of the Lion,""Cúur de Lion"""
"Heart of the Water Dragon,""Cúur du Dragon des Eaux"""
"Heartpiercing Strike,""Perce Neige, Fleur de Sang"""
"Hero of [Village],""Hero de [Village]"""
"Heroic Charge,""Charge HÈroÔque"""
"Hida,"""""
"Hida Defender School,""Ecole des DÈfenseurs Hida"""
"Hiruma,"""""
"Hiruma Scout School,""Ecole des Eclaireurs Hiruma"""
"History,""Histoire"""
"Honest Assessment,""Evaluation de l'HonnÍtetÈ"""
"Horsebow,""Arc des guerriers montÈs"""
"Hunted by Chikush≈ç-d≈ç,""ChassÈ par Chikush≈ç-d≈ """
"I Will Always Return,""Toujours, je reviendrai"""
"Iaijutsu Cut: Crossing Blade,""Iaijutsu: Croiser le Fer et la Chair"""
"Iaijutsu Cut: Rising Blade,""Iaijutsu: De la Terre au Ciel"""
"Ichi's Second Sight,""la double-vue de Ichi """
"Ide,"""""
"Ide Trader School,""Ecole de CommerÁants Ide"""
"Ikebana,"""""
"Ikoma,"""""
"Ikomo Bard School,""Ecole des Bardes Ikoma"""
"Impatience,"""""
"Imperial,""ImpÈrial"""
"Imperial Heritage,""HÈritage ImpÈrial"""
"Inari's Blessing,""BÈnÈdiction d'Inari"""
"Incite Haunting,""Provoquer la Hantise"""
"Inconspicuous Garb,""Tenue discrËte"""
"Incurable Illness,""Maladie incurable"""
"Indomitable Will,""VolontÈ indomptable"""
"Infamous Builder,""Constructeur Indigne"""
"Ingenious Design,""Concept IngÈnieux"""
"Insufferable Genius,""GÈnie Insupportable"""
"Interpersonal,""Interpersonnel"""
"Interpersonal (Name), Mental and Interpersonal (Culture), Physical (Appearance),""Interpersonnel (Nom), Mental et Interpersonnel (Culture), Physique (Apparence)"""
"Interpersonal, Infamy,""Interpersonnal, Infamie"""
"Interpersonal, Mental,""Interpersonnel, Mental"""
"Interpersonal, Physical,""Interpersonnel, Physique"""
"Interpersonal, Physical or Mental, Scar,""Interpersonnel, Physique ou Mental, Cicatrice"""
"Interpersonal, Spiritual,""Interpersonnel, Spirituel """
"Intolerance,"""""
"Invocations,"""""
"Iron Forest Style,""Technique de la ForÍt d'Acier"""
"Iron in the Mountains Style,""Technique du Fer dans la Pierre"""
"Irrepressible Flirtation,""Coureur de Jupons"""
"Isawa,"""""
"Isawa Elementalist School,""Ecole des Elementalistes Isawa"""
"Item (Rank 6 or lower),""Equipement (RaretÈ 6 ou moins)"""
"Item Patterns,""Technique de Forge"""
"Iuchi,"""""
"Iuchi Meish≈çd≈ç Master School,""Ecole des maÓtres Meishodo Iuchi"""
"Jade Strike,""Frappe de Jade"""
"Jealousy,""Jalousie"""
"Ji,"""""
"Jian,"""""
"Jitte,"""""
"Journal,"""""
"Jurojin's Blessing,""BÈnÈdiction de Jurojin"""
"Jur≈çjin's Balm,""Beaume Appaisant de Jurojin"""
"Jur≈çjin's Curse,""MalÈdiction de Jurojin"""
"Just as Predicted,""Comme PrÈvu"""
"Justice of the Champion,""Justice des Champions"""
"Kabutowari,"""""
"Kaito,"""""
"Kaito Shrine Keeper School,""Ecole des Gardiens de Temple Kaito"""
"Kaiu,"""""
"Kaiu Engineer School,""Ecole des IngÈnieurs Kaiu"""
"Kaiu no Oyumi,"""""
"Kakita,"""""
"Kakita Duelist School,""Ecole des Duellistes Kakita"""
"Kakita Katana,"""""
"Kakita Pattern,""Secret de Forge Kakita"""
"Kakita Swordsmith School,""Ecole des MaÓtres Lames Kakita"""
"Kama,"""""
"Karmic Tie,""Lien Karmique"""
"Kasuga,"""""
"Kasuga Smuggler School,""Ecole des Contrebandiers Kasuga"""
"Kata,"""""
"Katana,"""""
"Katana of Fire,""Katana de Feu"""
"Keen Balance,""Equilibre Parfait"""
"Keen Hearing,""OuÔe Parfaite"""
"Keen Sight,""Vision Parfaite"""
"Keen Smell,""Odorat Parfait"""
"Kenz≈ç Blade,""Lame Kenzo"""
"Ki Protection,""Protection du Ki"""
"Kih≈ç,"""""
"Kingdom of Paper and Ink,""Royaume d'Encre et de Papier"""
"Kiseru,"""""
"Kissh≈çten's Blessing,""BÈnÈdiction de Kishoten"""
"Kissh≈çten's Curse,""MalÈdiction de Kishoten"""
"Kitsu,"""""
"Kitsu Medic School,""Ecole des Medecin Kitsu"""
"Kitsu Medium School,""Ecole des Medium Kitsu"""
"Kitsuki,"""""
"Kitsuki Investigator School,""Ecole des EnquÍteurs Kitsuki"""
"Kitsuki's Method,""Methode Kitsuki"""
"Kitsune Impersonator Tradition,""Tradition des imposteurs Kitsune"""
"Kitsune Starting Outfit,""Equipement de dÈpart Kitsune"""
"Knife,""Tanto"""
"Knotwork,""Art des noeuds"""
"Kolat,"""""
"Kolat Saboteur Conspiracy,""Conspiration des Saboteurs du Kolat """
"Kubi Bukuro,"""""
"Kuge Lineage,""LignÈe Kuge"""
"Kuni,"""""
"Kuni Purifier School,""Ecole des Purificateurs Kuni"""
"Kuni Warden School,""Ecole des Gardiens Kuni"""
"Kusari-Gama,"""""
"Labor,""Travaux Fermiers"""
"Lacquered Armor,""Armure LaquÈe"""
"Lady Doji's Decree,""DÈcret de Dame Doji"""
"Lady Shinjo's Speed,""Vitesse de Dame Shinjo"""
"Large Shield,""Grand Bouclier"""
"Large Stature,""Grande Taille"""
"Lead from the Front,""Ordre du Front"""
"Light Sleeper,""Sommeil LÈger"""
"Lightning Raid,""Raid Eclair"""
"Lion,"""""
"Lion's Pride,""FiertÈ du Lion"""
"Little Truths,""Peu de VÈritÈs"""
"Loathing for Peasants,""DÈgo˚t des Paysans"""
"Loneliness,""Solitude"""
"Lord Akodo's Roar,""Rugissement du Seigneur Akodo"""
"Lord Bayushi's Whispers,""Murmures du Seigneur Bayushi"""
"Lord Hida's Grip,""Prise du Seigneur Hida"""
"Lord Shiba's Valor,""DÈvouement du Seigneur Shiba"""
"Lord Togashi's Insight,""Intuition du Seigneur Togashi"""
"Lost Arm or Lost Hand,""Main ou Bras manquant"""
"Lost Eye,""Borgne"""
"Lost Fingers,""Doigt manquant"""
"Lost Leg,""Unijambiste"""
"Lost Memories,""AmnÈsie"""
"Lost Name,""Nom VolÈ"""
"Lost in the Darkness,""Perdu dans les TÈnËbres"""
"Lucky Cricket,""Cricket Porte-Bonheur"""
"Mah≈ç,"""""
"Mah≈ç or Ninjutsu,""Mah≈ç ou Ninjutsu"""
"Maikara's Rebuke,""Bl‚me de Maikara"""
"Maimed Arm,""Bras EstropiÈ"""
"Maimed Visage,""Visage BalafrÈ"""
"Majesty of the Throne,""MajestÈ du TrÙne"""
"Makeup Kit,""Trousse de Maquillage"""
"Mantis,""Mante"""
"Mark of Desecration,""Marque de DÈsÈcration"""
"Martial Arts [Melee],""Corps-‡-Corps"""
"Martial Arts [Ranged],""A Distance"""
"Martial Arts [Unarmed],""Mains Nues"""
"Martial skill,""CompÈtence Martiale"""
"Martial skills,""CompÈtences Martiales"""
"Masakari,"""""
"Mask of Wind,""Masque du Vent"""
"Master of Elements,""MaÓtre des ElÈments"""
"Masterful Builder,""MaÓtre d'Ouvrage"""
"Materialism,""Materialiste"""
"Matsu,"""""
"Matsu Berserker School,""Ecole des Berserkers Matsu"""
"Matsu's Battlecry,""Cri de Guerre Matsu"""
"Matsu's Fury,"""""
"Medicine,""Medecine"""
"Medicine Kit,""Trousse deu Medecin"""
"Meditation,""MÈditation"""
"Meekness,""HumilitÈ"""
"Melee,""Corps-‡-Corps"""
"Mental,"""""
"Mental, Interpersonal,""Mental, Interpersonnel"""
"Mental, Physical,""Mental, Physique"""
"Mental, Scar,""Mental, Cicatrice"""
"Mental, Spiritual,""Mental, Spirituel"""
"Mental, Virtue,""Mental, Vertue"""
"Military History,""Histoire Militaire"""
"Minor,""Mineur"""
"Mirumoto,"""""
"Mirumoto Taoist Blade School,""Ecole de la Lame des Taoistes Mirumoto"""
"Mirumoto Two-Heavens Adept School,""Ecole des adeptes des deux cieux Mirumoto"""
"Miya,"""""
"Miya Cartographer School,""Ecole des Cartographes Miya"""
"Miya Herald School,""Ecole des HÈrault Miya"""
"Momoku,"""""
"Monastic Acolyte,""Acolyte Monastique"""
"Monk,""Moine"""
"Moto,"""""
"Moto Avenger School,""Ecole des Vengeurs Moto"""
"Moto Conqueror School,""Ecole des ConquÈrants Moto"""
"Mundane,""Quelconque"""
"Musical Instrument (common),""Instrument de musique (Commun)"""
"Musical Instrument (fine),""Instrument de musique (Bonne facture)"""
"Muteness,""Aphasie"""
"Mystical Script,""Ecriture Mystique"""
"Naginata,"""""
"Nature's Touch,""Toucher de Dame Nature"""
"Navigator,""Navigateur"""
"Necessary Actions,""Actions nÈcessaires"""
"Nerve Damage,""Nerfs TouchÈs"""
"Ninjutsu,"""""
"Ninth Tail Ascension,""Ascension de la 9eme Queue"""
"No Sacrifice Too Great,""Aucun Sacrifice n'est trop grand"""
"Nodachi,"""""
"Noxious Cloud,""Nuage EmpoisonnÈ"""
"Nunchaku,"""""
"O-Gata Dohou,"""""
"Obtuse,""Obtus"""
"Omamori,"""""
"One Sword of Rarity 7 or Lower,""Une ÈpÈe de raretÈ 7 ou moins"""
"One Weapon of Rarity 6 or Lower,""Une arme de raretÈ 6 ou moins"""
"One with the Elements,""Un avec les ElÈments"""
"One with the Void,""Un avec le Vide"""
"Ono,"""""
"Open-Hand Style,""Technique de la main ouverte"""
"Osano-wo's Boast,""Gloire d'Osano-Wo"""
"Other,""Autre"""
"Otomo,"""""
"Otomo Schemer School,""Ecole des Intrigants Otomo"""
"Oyumi,"""""
"Painful Honesty,""HonnÍtetÈ Douloureuse"""
"Paragon of Compassion,""Parangon de la Compassion"""
"Paragon of Courage,""Parangon du Courage"""
"Paragon of Courtesy,""Parangon de la Courtoisie"""
"Paragon of Duty and Loyalty,""Parangon de la LoyautÈ et du Devoir"""
"Paragon of Honor,""Parangon de l'Honneur"""
"Paragon of Righteousness,""Parangon de la Droiture"""
"Paragon of Sincerity,""Parangon de la SincÈritÈ"""
"Paranoia,"""""
"Path to Inner Peace,""Voie de la Paix IntÈrieure"""
"Pelting Hail Style,""Technique du bombardement de GrÍle"""
"Perfectionism,""Perfectionniste"""
"Performance,""ReprÈsentation"""
"Personal Seal or Chop,""Sceau ou Tampon"""
"Phobia,""Phobie"""
"Phoenix,"""""
"Physical,""Physique"""
"Physical (Appearance,""Physique (Apparence)"""
"Physical, Interpersonal,""Physique, Interpersonnel"""
"Physical, Interpersonal, Scar,""Physique, Interpersonnel, Cicatrice"""
"Physical, Mental,""Physique, Mental"""
"Physical, Scar,""Physique, Cicatrice"""
"Physical, Spiritual,""Physique, Spirituel"""
"Pillar of Calm,""Pillier du Calme"""
"Pillow Book,""Livre de Chevet"""
"Pin the Fan,""Epingler le Papillon"""
"Plated Armor,""Armure de Plate"""
"Playfulness,""EspiËglerie"""
"Playing Cards,""Cartes ‡ jouer"""
"Poison (per vial),""Poison (par Fiole)"""
"Polearms,""Arme d'Hast"""
"Pouch of Gaijin Coins,""Bourse de Monnaie Gaijin"""
"Power of the Earth Dragon,""Puissance du Dragon de la Terre"""
"Precise Memory,""MÈmoire EidÈtique"""
"Prepare,""1 rnd de chargement"""
"Prepare (2),""2 rnd de chargement"""
"Prey on the Weak,""La Raison du Plus Fort"""
"Priest,""PrÍtre"""
"Professional Saboteur,""Saboteur Professionnel"""
"Provocation,"""""
"Purge the Wicked,""Purger le Mal"""
"Quick Reflexes,""Reflexes Rapides"""
"Quiver of Arrows,""Carquois"""
"Quiver of Bolts,""Carquois (Carreaux)"""
"Rallying Cry,""Cri de Ralliement"""
"Ranged,""A Distance"""
"Ranged Combat Kata,""Kata de Combat A distance"""
"Ravenous Swarms,""Essaim Vorace"""
"Razor-Edged,""Tranchant"""
"Razor-edged,""Tranchant"""
"Reflections of P'an Ku,""Miroir de P'an Ku"""
"Reformed Mah≈ç-Tsukai,""Maho Tsukai Converti"""
"Regal Bearing,""Port Royal"""
"Rending Jaws of the Lion,""Formidable M‚choire du Lion"""
"Researcher,""Chercheur"""
"Resilient Readiness,""PrÈparation RÈsiliente"""
"Resplendent,""Respendissant"""
"Ride the Water Dragon,""Chevaucher le Dragon des Eaux"""
"Riding the Clouds,""Chevaucher les Nuages"""
"Ring Exchange,""Intervertir les Anneaux"""
"Rise, Air,""Air, Entend mon Appel"""
"Rise, Earth,""Terre, Entend mon Appel"""
"Rise, Flame,""Feu, Entend mon Appel"""
"Rise, Water,""Eau, Entend mon Appel"""
"Rituals,""Rituels"""
"Rochin,"""""
"Rock Gardening,""Jardin de Pierres"""
"Rokugani Pony,""Poney Rokugani"""
"Roll a ten-sided again to determine a Martial skill; gain +1 rank in that skill,""Gagnez 1 rang dans la CompÈtence Martiale dÈtermnÈe par 1d10"""
"Roll a ten-sided die again and add the resulting family heirloom to your starting items. You choose one quality and the GM chooses one quality from the list of item qualities, on page 240; these are applied to the item.,""Ajouter l'hÈritage de famille indiquÈ par 1 D10 ‡ votre Equipement de dÈpart ; Vous et votre MJ choisissez une qualitÈ pour cette objet dans la liste des qualitÈs page 240. """
"Roll a ten-sided die again to determin your lost family heirloom, which exists somewhere in the world. You choose one quality and the GM chooses one quality; these are applied to the item. You do not know where the heirloom is, but you could later reclaim it during the campaign.,"" Un 'hÈritage perdu dÈterminÈ par 1 D10 existe quelquepart dans ce monde ; Vous et votre MJ choisissez une qualitÈ pour cette objet dans la liste des qualitÈs page 240. Vous ne savez pas o˘ est cet objet mais vous pourrez en prendre possession plus tard dans la campagne"""
"Roll a ten-sided die again to determine a Scholar skill; gain +1 rank in that skill,""Gagnez 1 rang dans la compÈtence de Connaissance dÈtermnÈe par 1d10"""
"Roll a ten-sided die again to determine a Social skill; gain +1 rank in that skill,""Gagnez 1 rang dans la CompÈtence Sociale dÈtermnÈe par 1d10"""
"Roll a ten-sided die again to determine a Trade skill; gain +1 rank in that skill,""Gagnez 1 rang dans la CompÈtence Commerciale dÈtermnÈe par 1d10"""
"Roll a ten-sided die again to determine a skill to aid in learning of your ancestor's fate; gain +1 rank in that skill.,""Gagnez 1 rang dans la CompÈtence, dÈtermnÈe par 1d10, qui vous aidera ‡ comprendre le destin de votre AncÍtre """
"Roll a ten-sided die again to determine a skill to aid in learning of your ancestor's fate; gain +1 rank in that skill. Additionally, your ancestor might still be alive, in the Shadowlands...waiting.,""Gagnez 1 rang dans la CompÈtence, dÈtermnÈe par 1d10, qui vous aidera ‡ comprendre le destin de votre AncÍtre ; de plus, celui-ci peut-Ítre encore vivant et attend dans l'Outremonde """
"Roll a ten-sided die again to determine a skill to aid in restoring your ancestor's name; gain +1 rank in that skill.,""Gagnez 1 rang dans la CompÈtence, dÈtermnÈe par 1d10, qui vous aidera ‡ redorer le blason de votre AncÍtre"""
"Roll a ten-sided die again to determine an Artisan skill; gain +1 rank in that skill.,""Gagnez 1 rang dans la CompÈtence Artisanale dÈtermnÈe par 1d10"""
"Rope (per foot, cheap),""Corde (au pied, piËtre qualitÈ)"""
"Rope (per foot, expensive),""Corde (au pied, bonne facture)"""
"Rope (twenty feet),""Corde (20 pieds)"""
"Rouse the Soul,""Eveiller l'‚me"""
"Rushing Avalanche Style,""Technique de l'Avalanche Rugissante"""
"Rustling of Leaves,""Un Bruissement de Feuille"""
"Ruthless Victor,""Vainqueur sans pitiÈ"""
"Sacred,""SacrÈ"""
"Sacred Arrows,""FlËches SacrÈe"""
"Sacred Art of Steel,""Art SacrÈ de l'Acier"""
"Sacred Fist,""Poing SacrÈ"""
"Sai,""Voile"""
"Sailor's Fortune,""la Fortune du Marin"""
"Sailor's Garb,""Tenue de Marin"""
"Sailor's Tongue,""Langue des Ports"""
"Sake,"""""
"Sake Cup,""Timbale de Sake"""
"Sanctified Robes,""Robes sanctifiÈes"""
"Sapper's Kit,""Trousse du Sapeur"""
"Satchel of Imperial Proclamations,""Etui de Proclamations ImpÈriales"""
"Satchel of Medicinal Supplies,""Bourse de fourniture mÈdicinales"""
"Scholar skill,""CompÈtence de Connaissance"""
"Scholar skills,""CompÈtences de Connaissances"""
"School of Waves,""Ecole de la Vague"""
"Scimitar,Cimeterre"""""
"Scorn of [One Group],""RisÈ de [Groupe]"""
"Scorpion,"""""
"Scouring Sirocco,""Sirocco Abrasif"""
"Scroll Satchel,""Etui ‡ Parchemin"""
"Sea Legs,""Pied Marin"""
"Seafaring,""Connaissances Maritimes"""
"Sear the Wound,""CautÈriser la plaie"""
"Seasoned,""VÈtÈran"""
"Secrets,"""""
"Secrets on the Wind,""Secret sur Vent"""
"Self-awareness, insight or mysticism,""Connaissance de Soi, Intuition, ou Mysticisme"""
"Sensational Distraction,""Formidable Distraction"""
"Sensing the Breeze,""Ressentir la Brise"""
"Sentiment,"""""
"Seppun,"""""
"Seppun Astrologer School,""Ecole des Astrologues Seppun"""
"Seppun Palace Guard School,""Ecole des Gardiens des Palais Seppun"""
"Servant of the Kami,""Serviteur des Kami"""
"Set of glass vials,""Ensemble de fioles de verre"""
"Shadowlands Taint (Air),""Corruption de l'Outremonde (Air)"""
"Shadowlands Taint (Earth),""Corruption de l'Outremonde (Terre)"""
"Shadowlands Taint (Fire),""Corruption de l'Outremonde (Feu)"""
"Shadowlands Taint (Void),""Corruption de l'Outremonde (Vide)"""
"Shadowlands Taint (Water),""Corruption de l'Outremonde (Eau)"""
"Shadowlands Taint [Blasphemous Appetites],""Corruption de l'Outremonde [DÈsirs BlasphÈmatoires]"""
"Shadowlands Taint [Distorted Limbs],""Corruption de l'Outremonde [Membres Tordus]"""
"Shadowlands Taint [Kaisen Whispers],""Corruption de l'Outremonde [Murmures des Kansen]"""
"Shadowlands Taint [One with the Darkness],""Corruption de l'Outremonde [Uni aux TÈnËbres]"""
"Shadowlands Taint [Unnatural Skin],""Corruption de l'Outremonde [Peau Malnaturelle]"""
"Shallow Waters,""En eaux Profondes"""
"Shape the Flesh,""Modelet la Chair"""
"Shark Leather Armor,""Armure en Cuir de Requin"""
"Sharpened Ki,""Ki aiguisÈ"""
"Shell of the Tortoise,""Carapace de Tortue"""
"Shiba,"""""
"Shiba Guardian School,""Ecole des Protecteurs Shiba"""
"Shields,""Boucliers"""
"Shinjo,"""""
"Shinjo Outrider School,""Eclaireur MontÈ Shinjo"""
"Shinobi,"""""
"Shinobi, Courtier,""Shinobi, Courtisan"""
"Shinseist Monk Order,""Ordre Monastique Shinseiste"""
"Shirogane Jade Inlay,""Infusion de Jade Shirogane"""
"Shosuro,"""""
"Shosuro Infiltrator School,""Ecole des Infiltrateurs Shosuro"""
"Shoulder,""Epaule"""
"Shugenja,"""""
"Shugenja, Artisan,""Shugenja, Artisan"""
"Shugenja, Bushi,""Shugenja, Bushi"""
"Shugenja, Courtier, Shinobi,""Shugenja, Courtisan, Shinobi"""
"Shuriken,"""""
"Sh≈´ji,"""""
"Siege Weapons,""Armes de SiËge"""
"Signature Scrolls,""Rouleau de ratification"""
"Silencing Stroke,""RÈduire abu Silence"""
"Sinful Whispers,""Murmure du pÍchÈ"""
"Sixth Sense,""6eme Sens"""
"Skepticism,""Sceptique"""
"Skill,""CompÈtence"""
"Skilled Attendant,""Domestique douÈ"""
"Skulduggery,""Magouille"""
"Skulk,""Dans les Ombres"""
"Slayer's Slash,""Le sourire de l'Assassin"""
"Sleeping Garb,""Pyjama"""
"Slippery Maneuvers,""MarÈe Favorable"""
"Small Shield,""Petit Bouclier"""
"Small Stature,""Petite Taille"""
"Smithing,""Forge"""
"Smithy's Kit,""Trousse du Forgeron"""
"Smoke Arrows,""FlËche ‡ FumÈe"""
"Snaring,""PiËge"""
"Soaring Slice,""L'envol tranchantl"""
"Social skill,""CompÈtence sociale"""
"Social skills,""CompÈtences sociales"""
"Sode,"""""
"Softheartedness,""Cúur Tendre"""
"Soshi,"""""
"Soshi Illusionist School,""Ecole des Illusionnistes Soshi"""
"Soul Sunder,""Attaque de l'‚me SacrÈe"""
"Speaking in Silence,""Communication Silencieuse"""
"Specialist Weapons,""Arme d'Expert"""
"Speed of Heaven,""Vitesse du Ciel"""
"Spices (common),""Epices (Communes)"""
"Spices (rare),""Epices (rares)"""
"Spin the Web,""Tisser sa Toile"""
"Spinning Blades Style,""Technique du Tourbillon de lames"""
"Spiritual,""Spirituel"""
"Spiritual Artisan,Spirituel, Artisan"""""
"Spiritual Protector,""Spirituel, Protecteur"""
"Spiritual Shackles,""Spirituel, Entrave"""
"Spiritual, Interpersonal,""Spirituel, Interpersonnel"""
"Spiritual, Scar,""Spirituel, Cicatrice"""
"Spread Corruption,""RÈpandre la Corruption"""
"Spy,""Espion"""
"Spyglass,""Longue-Vue"""
"Stand of Honor,""L'honneur est ma Force"""
"Still the Elements,""Calmer les ElÈments"""
"Stir the Slumbering Spirit,""DÈranger les Esprits endormis"""
"Stirring the Embers,""Remuer les Cendres"""
"Stolen Knowledge,""Savoir VolÈ"""
"Stonewall Tactics,""Tactique du Mur de Pierre"""
"Stories,""Histoires"""
"Storm Bow,""Arc TempÍte"""
"Storm Fleet Sailor School,""Ecole Marine de la Flotte TempÍte"""
"Storm Fleet Tide Seer,""Voyant des MarÈes de la Flotte TempÍte"""
"Storm Lord's Gambit,""Gambit du Seigneur des TempÍtes"""
"Storm Surge,""La tempÍte s'accroit"""
"Strength of a Thousand Ancestors,""Force de milliers d'AncÍtres"""
"Stride the Waves,""Arpenter les vagues"""
"Strike the Tsunami,""Frapper le Tsunami"""
"Strike with No Thought,""Frappe sans rÈflÈchir"""
"Striking as Air,""Frappe de l'Air"""
"Striking as Earth,""Frappe de la Terre"""
"Striking as Fire,""Frappe du Feu"""
"Striking as Void,""Frappe du Vide"""
"Striking as Water,""Frappe de l'Eau"""
"Subtle,""Subtil"""
"Subtle Observer,""Observateur subtil"""
"Suijin's Embrace,""le Baiser de Suijin"""
"Summon Fog,""Invoquer le brouillard"""
"Superstition,"""""
"Support of [One Group],""Soutien de [Groupe]"""
"Suppressing Blows,""Elimination"""
"Survival,""Survie"""
"Sweets (per four servings),""Bonbons (Portion de 4)"""
"Swirling Desert Wind,""Vent Tourbillonnant du DÈsert"""
"Sword of Blood,""EpÈe de Sang"""
"Swords,""EpÈes"""
"Sworn Enemy,""Ennemi JurÈ"""
"Symbol of Earth,""Symbole de la Terre"""
"Sympathetic Energies,""Energies Favorables"""
"Tactical Assessment,""Evaluation Tactique"""
"Tactics,""Tactique"""
"Tainted Blood,""Sang Corrompu"""
"Tainted Warrior,""Guerrier Corrompu"""
"Take Them Alive,""Prenez les Vivants"""
"Taketaba,"""""
"Taraibune,"""""
"Tatami Gusoku,"""""
"Tate,"""""
"Tattoo Needles (per set),""Aiguilles pour tatouage"""
"Tea,""ThÈ"""
"Tea Ceremony,""CÈrÈmonie du ThÈ"""
"Tea Set (portable),""NÈcessaire ‡ ThÈ"""
"Technique,"""""
"Tekkan,"""""
"Tempest of Air,""Bourrasque"""
"Tent (chomchong),"""""
"Tent (small),""Tente (Petite)"""
"Tent (yurt),""Tente (Yourte)"""
"Tessen,"""""
"Tetsub≈ç,"""""
"Tetsub≈ç of Earth,""Tetsubo de la Terre"""
"The Blood Price,""La Prix du Sang"""
"The Body is an Anvil,""Le Corps est une Enclume"""
"The Cleansing Fire,""Le Feu Purificateur"""
"The Clouds Part,""La Part des Nuages"""
"The Damned,""Les DamnÈs"""
"The Effortless Path,""Le chemin sans effort)"""
"The Eyes Betray the Heart,""Les yeux trahissent le Coeur"""
"The Families of the Fleet,""La Famille de la Flotte"""
"The Final Silence,""Le Silence Èternel"""
"The Fires from Within,""Le Feu IntÈrieur"""
"The Great Silence,""Le Grand Silence"""
"The Immovable Hand of Peace,""L'innarÍtable Main de la Paix"""
"The Imperial Families,""Les Familles ImpÈriales"""
"The Kami's Whisper,""Le Murmure des Kami"""
"The Lady's Grace,""La Gr‚ce de la Dame"""
"The Mountain Does Not Fall,""La Montagne, jamais ne s'Ècroule"""
"The Path of Shadows,""La Voie des Ombres"""
"The Rushing Wave,""La Vague Rugissante"""
"The Soul's Blade,""Ame aiguisÈe"""
"The Spirits Unbound,""Les Esprits dÈchaÓnÈs"""
"The Way of Names,""La Vloie des noms"""
"The Wind Blows Both Ways,""Parler ‡ double tranchant"""
"Theology,""Theologie"""
"Thoroughness, patience or calm,""Minutie, Patience et Calme"""
"Threshold Barrier,""Protection du Seuil"""
"Thunderclap Strike,""Coup de Tonnerre"""
"Tinbe,"""""
"To Tread the Sword,""Mon ÈpÈe est ton Bouclier"""
"Togashi Order,""Ordre Togashi"""
"Togashi Tattooed Order,""Ordre TatouÈ Togashi"""
"Token of Memory,""Symbole du Souvenir"""
"Tomb of Jade,""Tombe de Jade"""
"Tonfa,"""""
"Toritaka,"""""
"Toritaka Phantom Hunter School,""Ecole des Chasseurs de fantÙme Toritaka"""
"Tortoise,""Tortue"""
"Tosei-Gusoku,"""""
"Touch the Void Dragon,""Toucher le Dragon du Vide"""
"Touchstone of Courage,""La Vraie Valeur du Courage"""
"Traces of Passage,""Traces de Passage"""
"Trade skill,""CompÈtence Commerciale"""
"Trade skills,""CompÈtences Commerciales"""
"Travel,""Voyage"""
"Traveling Clothes,""VÍtements de Voyage"""
"Traveling Pack,""NÈcessaire ‡ Voyage"""
"Traveling Rations (per meal),""Ration de Voyage (par repas)"""
"Treasures of the Carp,""TrÈsor de la Carpe"""
"Tributaries of Trade,""Les Affluents du Commerce"""
"Trident,"""""
"Truth Burns through Lies,""La VÈritÈ brille par les Mensonges"""
"Tsuruhashi,"""""
"Twenty Goblin Thief,"""""
"Twenty-Goblin Crab,"""""
"Twisted Summons,""Invocations perverties"""
"Two Items of Rarity 4 or Lower,""2 objets de raretÈ 4 ou moins"""
"Two Weapons of Rarity 6 or Lower,""2 Armes de raretÈ 6 ou moins"""
"Uchema's Technique,""Technique Uchema"""
"Umbrella,""Parapluie"""
"Unholy,""Impie"""
"Unholy Fervor,""Ferveur Impie"""
"Unicorn,""Licorne"""
"Unicorn Warhorse,""Cheval de Guerre Licorne"""
"Unusual Name Origin,""Origine de Nom inhabituelle"""
"Usher in the New Age,""L'avËnement d'un Nouvel Age"""
"Utaku,"""""
"Utaku Battle Maiden School,""Ecole des Vierges de Bataille Utaku"""
"Utaku Steed,""Monture Utaku"""
"Vapor of Nightmares,""Volutes de Cauchemards"""
"Veiled Menace Style,""Technique de la Menace VoilÈe"""
"Vendor of Strange Wares,""Marchand de l'Etrange"""
"Vengeance for the Fallen,""Vengeance des DÈchus"""
"Vigilance of Mind,""Vigilance de l'Esprit"""
"Voice of Authority,""Symbole d'AutoritÈ"""
"Voice of the Emperor,""Voix de l'Empereur"""
"Void,""Vide"""
"Void Kih≈ç,""Kiho du Vide"""
"Void Sh≈´ji,""Shuji du Vide"""
"Void ring exchange,""Echanger l'Anneau du Vide"""
"Wakizashi,"""""
"Wall of Earth,""Mur de Terre"""
"Wall of Fire,""Mur de Feu"""
"Warded Shikigami,""Shikigami de Protection"""
"Wargear,""Militaire"""
"Warrior's Resolve,""La RÈsolution du Guerrier"""
"Water,""Eau"""
"Water Fist,""Poing des Eaux"""
"Water Invocations,""Invocations de l'Eau"""
"Water Kih≈ç,""Kiho de l'Eau"""
"Water Sh≈´ji,""Shuki de l'Eau"""
"Way of the Carp,""Voie de la Carpe"""
"Way of the Crab,""Voie du Crabe"""
"Way of the Crane,""Voie de la Grue"""
"Way of the Dragon,""Voie du Dragon"""
"Way of the Earthquake,""Voie du Tremblement de Terre"""
"Way of the Edgeless Sword,""Aussi tranchant que l'EpÈe"""
"Way of the Falling Star,""Voie du MÈtÈor"""
"Way of the Lion,""Voie du Lion"""
"Way of the Phoenix,""Voie du Phenix"""
"Way of the Seafoam,""Chemin d'Ecume"""
"Way of the Tortoise,""Voie de la Tortue"""
"Way of the Willow,""Plie mais ne rompt pas"""
"Weakness Is My Strength,""La Faiblesse est ma Force"""
"Weight of Duty,""Le poids du Devoir"""
"Well Connected,""Ne manque pas de Ressource"""
"Well Traveled,""Grand Voyageur"""
"Well of Desire,""Le Puit du DÈsir"""
"Whetstone,""PÔerre ‡ Aiguiser"""
"Whispers of Court,""Murmures de Cour"""
"Whispers of Cruelty,""SupposÈ Cruel"""
"Whispers of Doom,""SupposÈ Maudit"""
"Whispers of Failure,""SupposÈ Manquant de rÈussite"""
"Whispers of Poverty,""SupposÈ Indigent"""
"Whispers of Treachery,""SupposÈ TraÓtre"""
"Wings of the Phoenix,""Les Ailes du Phenix"""
"Wisdom of the Ages,""la Sagesse des Anciens"""
"Witch Hunter,""Chasseur de SorciËre"""
"Wolf's Proposal,""Montrer Patte Blanche"""
"Wondrous Work,""Construction Merveilleuse"""
"Wordplay,""Joueur de Mot"""
"World of Shadows,""Monde des Ombres"""
"Worldly R≈çnin Path,""Voie du Ronin Mondain"""
"Wrath of Kaze-no-Kami,""ColËre de Kaze-no-Kami"""
"Yari,"""""
"Yari of Air,""Yari de l'Air"""
"Yasuki,"""""
"Yasuki Merchant School,""Ecole des Marchands Yasuki"""
"Yasunori Steel,""Acier Yasunori"""
"Yogo,"""""
"Yogo Preserver School,""Ecole de Conservateur Yogo"""
"Yogo Wardmaster School,""Ecole des MaÓtres des Glyphes Yogo"""
"Yoriki,"""""
"Yotogi's Piercing Gaze,""Regard perÁant Yotogi"""
"You gain the Blessed Lineage advantage (see page 103 of the core rulebook). This can be assigned in excess of the normal limitations on disadvantages at character creation. While on the Wall, your glory rank is treated as 1 higher.,""Vous bÈnÈficiez de l'avantage (LignÈe BÈnie-page 103), Votre rang de Gloire est considÈrÈ de 1 supÈrieur sur le Mur"""
"You gain the Blessed Lineage advantage (see page 103) (this can be assigned in excess of the normal limitations on advantages at character creation).,""Vous bÈnÈficiez de l'avantage (LignÈe BÈnie-page 103)"""
"You gain the Fallen Ancestor disadvantage (see 98). Choose one of your character's rings; you may reduce the value of that ring by 1 to increase the value of your Void Ring by 1 (this still cannot raise it above 3).,""Vous avez le dÈsavantage (AncÍtre dÈchu-page 98), Vous pouvez diminuer un anneau de 1 au profit de votre anneau Vide (sans excÈder 3)"""
"You gain the Haunting (Void) adversity (see page 122 of the core rulebook). This can be assigned in excess of the normal limitations on disadvantages at character creation. Roll a ten-sided die again to determine a Martial skill; gain +1 rank in that skill.,""Vous avez le dÈsavantage (HantÈ-page 122 et gagnez 1 rang dans une CompÈtence Martiale dÈterminÈe par 1d10"""
"You know one additional technique. Roll a ten-sided die again to determine the category, and then select one technique with a prerequisite of school rank 1 and learn that technique. You can perform that technique even if it is not normally allowed by your school.,""Vous connaissez une technique de rang 1 supplÈmentaire dÈterminÈe par 1d10"""
"Yumi,"""""
"Y≈çjimb≈ç,"""""
"Zanbat≈ç,"""""
"another item,""Autre objet"""
"any,""n'importe quel"""
"boat or estate,""Bateau ou PropriÈtÈ"""
"bu,"""""
"horse or other animal,""Cheval ou autre animal"""
"koku,"""""
"lost family heirloom,""HÈritage de famille perdu"""
"other,""autre"""
"set of armor,""Armure"""
"skill,""compÈtence"""
"skill_group,""groupe de compÈtences"""
"starting item,""Equipement de dÈpart"""
"technique,"""""
"technique_group,""groupe de technique"""
"weapon,""arme"""
"zeni,"""""
"≈å-yoroi,"""""
"≈åtsuchi,"""""
