"1-hand","Una mano"
"1-hand (stab or slash)","Una mano (perforante o cortante)"
"1-hand (thrown)","Una mano (arrojadiza)"
"2-ahnd",""
"2-hand","Dos manos"
"A Bottomless Ocean","Un océano insondable"
"A Friend in Every City","Un amigo en cada ciudad"
"A Grain of Truth",""
"A Little Too Close to Heaven",""
"A Samurai's Fate","El destino de un samurái"
"Abacus","Ábaco"
"Accursed Summoning","Invocación impía"
"Accustomed to Luxury","Habituado a los lujos"
"Adaptability, friendliness or awareness","Adaptabilidad, simpatía o sensibilidad"
"Addiction","Adicción"
"Adopted Peasant","Plebeyo adoptado"
"Adversity and Skill","Adversidad y habilidad"
"Advisor","Consejero"
"Aesthetics","Estética"
"Affect of Harmlessness",""
"Agasha","Agasha"
"Agasha Mystic School","Escuela de místico Agasha"
"Air","Aire"
"Air Fist","Puño de Aire"
"Air Invocations","Invocaciones de Aire"
"Air Kihō","Kihō de Aire"
"Air Shūji","Shūji de Aire"
"Air/Fire ring exchange",""
"Akodo","Akodo"
"Akodo Commander School","Escuela de comandante Akodo"
"Akodo's Final Lesson","La última lección de Akodo"
"All Arts Are One","Todas las artes son una"
"All Shall Fear Me",""
"All in Jest","Dicho en broma"
"Allergy [choose one]","Alergia [elige una]"
"Ally [Name]","Aliado [nombre]"
"Ambidexterity","Ambidiestro"
"Amigasa",""
"Ancestry Unearthed","Ascendencia descubierta"
"Animal Bond","Vínculo con un animal"
"Animal Trainer","Adiestrador de animales"
"Anxiety and other","Ansiedad y otro"
"Any game set",""
"Any weapon",""
"Architect of Tranquility",""
"Armament","Armamento"
"Armor of Earth","Armadura de Tierra"
"Armor of Radiance","Armadura resplandeciente"
"Artful Alibi",""
"Artisan",""
"Artisan skills","Habilidades artesanales"
"Artisan's Appraisal","La valoración del artesano"
"Artisan, Bushi","Artesano, Bushi"
"Artisan, Courtier","Artesano, Cortesano"
"Asahina","Asahina"
"Asahina Artificer School","Escuela de artesano Asahina"
"Asaka Inquisitor School","Escuela de inquisidor Asako"
"Asako","Asako"
"Asako Loremaster School","Escuela de señor de la sabiduría Asako"
"Ashidaka's Method","El método Ashidaka"
"Ashigaru Armor","Armadura de ashigaru"
"Assess Strengths",""
"Assortment of Maps in Scroll Cases","Mapas diversos en cajas para pergaminos"
"Astrolabe","Astrolabio"
"Attendant","Asistente"
"Awe of Heaven","Respeto a los Cielos"
"Axes","Hachas"
"Ballista","Balista"
"Bamboo Cane",""
"Bane of Sorcerers","Azote de brujos"
"Battle Trauma","Trauma de combate"
"Battle in the Mind","Batalla mental"
"Bayushi","Bayushi"
"Bayushi Deathdealer School",""
"Bayushi Manipulator School","Escuela de manipulador Bayushi"
"Bend with the Storm","Doblarse ante la tormenta"
"Benten's Blessing","Bendición de Benten"
"Benten's Curse","Maldición de Benten"
"Beware the Smallest Mouse",""
"Bind the Shadow","Atar a la sombra"
"Bind the Undead","Atar a los no muertos"
"Bisentō","Bisentō"
"Bishamon's Blessing","Bendición de Bishamon"
"Bishamon's Curse","Maldición de Bishamon"
"Biting Steel","Acero mordiente"
"Bitter Betrothal","Cónyuge problemático"
"Blackmail on [Name]","Chantaje sobre [nombre]"
"Blackmailed by [Character's Name]","Chantajeado por [nombre]"
"Blank Forms",""
"Blessed Lineage","Linaje bendecido"
"Blessed Wind","Viento bendito"
"Blessing of Steel","La bendición del acero"
"Blessing of the Fortunes","La bendición de las fortunas"
"Blessings of the Emperor","Las bendiciones del Emperador"
"Blindness","Ceguera"
"Blissful Betrothal","Matrimonio dichoso"
"Blood and Mortar","Sangre y cemento"
"Blood of Osano-wo","Sangre de Osano-wo"
"Blood of the Dragon","Sangre del Dragón"
"Blood of the Kami","Sangre del Kami"
"Blowgun","Cerbatana"
"Blunt Weapons","Armas contundentes"
"Bluntness","Franqueza"
"Bokken","Bokken"
"Bonsai","Bonsai"
"Book of Poetry",""
"Born in the Saddle","Nacido en la silla de montar"
"Bottle of Sake","Botella de sake"
"Bound in Ink","Ligado a la tinta"
"Bows","Arcos"
"Bowyer's Kit","Instrumentos de flechero"
"Bravado","Bravuconería"
"Breaking Blow","Golpe rompedor"
"Breath of Wind Style","Estilo del hálito de viento"
"Breath of the Fire Dragon","El aliento del dragón de Fuego"
"Brushwork","Uso del pincel"
"Buoyant Arrival","Alegre llegada"
"Bushi","Bushi"
"Bushi, Artisan","Bushi, Artesano"
"Bushi, Courtier","Bushi, Cortesano"
"Bushi, Monk","Bushi, Monje"
"Bushi, Shinobi","Bushi, Shinobi"
"Butterfly Sword","Cuchillo mariposa"
"By the Light of the Lord Moon","Por la luz del Señor Luna"
"Bō","Bō"
"Bō of Water","Bō de Agua"
"Cadence","Compás"
"Call Upon the Wind","Invocar a los vientos"
"Calligraphy Set","Juego de caligrafía"
"Capture Evil","Atrapar al mal"
"Caress of Earth","La caricia de la Tierra"
"Ceremonial","Ceremonial"
"Ceremonial Clothes","Ropa ceremonial"
"Ceremonial Tea Set",""
"Channel the Fire Dragon","Canalizar el dragón de Fuego"
"Chokutō","Chokutō"
"Choose two of your character's rings; you may reduce the value of one of these rings by 1 to increase the value of the other by 1 (this still cannot raise a ring above 3). If you do not do so, choose one item of rarity 6 or lower and assign it to your starting outfit.","Elige dos de los anillos de tu personaje; puedes reducir en 1 el valor de uno de ellos para incrementar en 1 el valor del otro (aunque seguirás sin poder subirlo por encima de 3). Si no lo haces, elige un objeto de rareza 6 o inferior y añádelo a tu equipo inicial."
"Chopsticks","Palillos"
"City [choose one]","Ciudad [elige una]"
"Civility Foremost","Cortesía ante todo"
"Clan Magistrate","Magistrado de clan"
"Claustrophobia","Claustrofobia"
"Claws of the Crab",""
"Cleansing Rite","Ritual purificador"
"Cleansing Spirit","Espíritu purificador"
"Climbing Kit","Equipo de escalada"
"Cloak of Night","Capa de la noche"
"Close Combat Kata","Kata de combate cuerpo a cuerpo"
"Club","Garrote"
"Clumsiness","torpeza"
"Cognitive Lapses","Lagunas mentales"
"Coiling Serpent Style","Estilo de la serpiente enroscada"
"Command","Mando"
"Commerce","Comercio"
"Common Clothes","Ropa normal"
"Commune with Evil","Comunión con el mal"
"Commune with the Spirits","Comunión con los espíritus"
"Composition","Composición"
"Concealable","Ocultable"
"Concealed Armor","Armadura disimulada"
"Courage of Seven Thunders","El coraje de los siete Truenos"
"Courtesy","Cortesía"
"Courtier","Cortesano"
"Courtier's Resolve","La determinación del cortesano"
"Courtier, Bushi","Cortesano, Bushi"
"Courtier, Monk",""
"Courtier, Shinobi",""
"Courtier, Shugenja","Cortesano, Shugenja"
"Crab","Cangrejo"
"Crackling Laughter",""
"Craft Shikigami","Crear shikigami"
"Crane","Grulla"
"Crashing Wave Style","Estilo de la ola rompiente"
"Creativity, passion or drive","Creatividad, pasión o motivación"
"Creatures","Criaturas"
"Crescent Moon Style","Estilo de la media luna"
"Criminal Connections","Contactos criminales"
"Crimson Leaves Strike","Golpe de las hojas carmesí"
"Crossbows","Ballestas"
"Culture","Cultura"
"Cumbersome","Aparatosa"
"Cunning Distraction",""
"Curiosity","Curiosidad"
"Curse of Musubi-no-Kami",""
"Curse, Interpersonal, Spiritual","Maldición, Interpersonal, Espiritual"
"Curse, Mental","Maldición, Mental"
"Curse, Mental, Spiritual","Maldición, Mental, Espiritual"
"Curse, Physical","Maldición, Física"
"Curse, Physical, Spiritual","Maldición, Física, Espiritual"
"Curse, Spiritual","Maldición, Espiritual"
"Cursed Lineage","Linaje maldito"
"Cynicism","Cinismo"
"Daidoji","Daidoji"
"Daidoji Iron Warrior School","Escuela de guerrero de hierro Daidoji"
"Daidoji Spymaster School",""
"Daikoku's Blessing","Bendición de Daikoku"
"Daikoku's Curse","Maldición de Daikoku"
"Daikyū","Daikyū"
"Daimyō","Daimyō"
"Daishō Stand","Atril para daishō"
"Damaged","Dañada"
"Damaged Heart or Organ","Corazón u órgano dañado"
"Dance of Seasons","El baile de las estaciones"
"Dangerous Allure","Belleza peligrosa"
"Dao","Dao"
"Daredevil","Temerario"
"Dark Reflection","Reflejo oscuro"
"Dark Secret","Secreto oscuro"
"Dazzling Performance","Actuación deslumbrante"
"Dead Eyes","Habituado al miedo"
"Deadly Sting","Picadura mortal"
"Deafness","Sordera"
"Death Touch","El toque de la muerte"
"Deceitful Strike",""
"Decorum",""
"Deer",""
"Delusions of Grandeur","Delirios de grandeza"
"Demon Mask",""
"Demon Wound","Herida demoníaca"
"Demon, Begone!","¡Demonio, yo te expulso!"
"Design","Diseño"
"Despised in [City]","Odiado en [ciudad]"
"Destroyed","Destruida"
"Dice and Cup","Dados y taza"
"Disappearing World Style","Estilo de la desaparición del mundo"
"Disciple of Darkness",""
"Discomfiting Countenance","Aspecto desconcertante"
"Discovery","Descubrimiento"
"Disdain for Compassion","Desdén hacia la Compasión"
"Disdain for Courage","Desdén hacia el Coraje"
"Disdain for Courtesy","Desdén hacia la Cortesía"
"Disdain for Duty and Loyalty","Desdén hacia el Deber y la Lealtad"
"Disdain for Honor","Desdén hacia el Honor"
"Disdain for Righteousness","Desdén hacia la Rectitud"
"Disdain for Sincerity","Desdén hacia la Sinceridad"
"Disguise Kit",""
"Dishonorable Cheat",""
"Distinction","Distinción"
"Divination","Adivinación"
"Divination Kit","Equipo de adivinación"
"Doji","Doji"
"Doji Bureaucrat School",""
"Doji Diplomat School","Escuela de diplomático Doji"
"Dominion of Suijin","El dominio de Suijin"
"Doom Crossbow","Ballesta de perdición"
"Dragon","Dragón"
"Durable","Sólida"
"Dynasty Builder","Forjador de dinastías"
"Ears Everywhere","Oídos en todas partes"
"Earth","Tierra"
"Earth Becomes Sky","La tierra se vuelve cielo"
"Earth Invocations","Invocaciones de Tierra"
"Earth Kihō","Kihō de Tierra"
"Earth Needs No Eyes","La Tierra no necesita ojos"
"Earth Shūji","Shūji de Tierra"
"Earthen Fist","Puño de Tierra"
"Earthquake","Terremoto"
"Ebb and Flow","El constante devenir"
"Ebisu's Blessing","Bendición de Ebisu"
"Ebisu's Curse","Maldición de Ebisu"
"Echoes of Ancient Days",""
"Eku","Eku"
"Elegant Craftsman",""
"Elemental Transmutation","Transmutación elemental"
"Elevated for Service","Ascendido por sus servicios"
"Embrace of Kenro-Ji-Jin","El abrazo de Kenro-ji-jin"
"Embrace the Void","Aceptar el Vacío"
"Emerald Explorer","Explorador Esmeralda"
"Emerald Magistrate","Magistrado Esmeralda"
"Empathic Transfer","Transferencia emp?ica"
"Engineer's Kit","Equipo de ingeniero"
"Enlightened","Iluminado"
"Enlightenment","Iluminación"
"Entreat the Shadow Steed","Súplica al corcel sombrío"
"Essence of Jade","Esencia de jade"
"Ever-Changing Waves","Olas siempre cambiantes"
"Experiment and Adapt","Experimentación y adaptación"
"Expert Tracker","Rastreador experto"
"Extinguish","Extinguir"
"Eye of the Storm","El ojo del huracán"
"Eyes of Yotogi","Los ojos de Yotogi"
"Falcon","Halcón"
"Fallen Ancestor","Ancestro corrompido"
"False Identity","Identidad falsa"
"False Realm of the Fox Spirits","El reino falso de los espíritus zorro"
"Fame, Interpersonal","Fama, Interpersonal"
"Famous Deed","Hazaña famosa"
"Famously Honest","Famoso por su honestidad"
"Famously Lucky","Famoso por su fortuna"
"Famously Neutral",""
"Famously Reliable","Famoso por su fiabilidad"
"Famously Successful","Famoso por su éxito"
"Famously Wealthy","Famoso por su riqueza"
"Fanning the Flames","Avivar las llamas"
"Fashion","Moda"
"Favor of the Ancestors","El favor de los ancestros"
"Favor of the Fortunes","El favor de las fortunas"
"Fear of Death","Miedo a la muerte"
"Feigned Opening","Debilidad fingida"
"Ferocity","Ferocidad"
"Field Medicine","Medicina de campaña"
"Fiend's Retreat","La fuga del demonio"
"Finger of Jade","Dedo de jade"
"Fire","Fuego"
"Fire Invocations","Invocaciones de Fuego"
"Fire Kihō","Kihō de Fuego"
"Fire Shūji","Shūji de Fuego"
"Firefighter's Coat",""
"Fishing Rod and Line","Caña de pescar y sedal"
"Fitness","Aptitud física"
"Flame Fist","Puño de Fuego"
"Flaw, Mental","Defecto, Mental"
"Flexibility","Flexibilidad"
"Flickering Flame Skirmisher","Hostigador de llama parpadeante"
"Flowing Water Strike","Golpe del agua corriente"
"Flyssa","Flyssa"
"Folding Fan",""
"Folding Half-Bow",""
"Forbidden","Prohibida"
"Foreseen Need",""
"Foreseen in the Stars","Predicho por las estrellas"
"Formal Tea Ceremony",""
"Fortune-Telling","Adivinación"
"Fortunist Monk Order","Monje de orden fortunista"
"Fox Spirit","Espíritu zorro"
"Fractured Spine","Columna fracturada"
"Freezing the Lifeblood","Congelar la sangre vital"
"Friend of the Brotherhood","Amigo de la hermandad"
"Friend of the Nezumi","Amigo de los nezumi"
"Fukurokujin's Blessing","Bendición de Fukurokujin"
"Fukurokujin's Curse","Maldición de Fukurokujin"
"Fukurokujin's Wit","La astucia de Fukurokujin"
"Fun and Games",""
"Fury of Osano-wo","La furia de Osano-wo"
"Gaijin Compass","Brújula gaijin"
"Gaijin Name, Culture or Appearance","Nombre, cultura o apariencia gaijin"
"Games","Pasatiempos"
"Gaze into Shadow","Comtemplar las sombras"
"General Kata","Katas generales"
"Generosity","Generosidad"
"Genno","Genno"
"Gift of Musubi-no-Kami",""
"Glorious Sacrifice","Sacrificio glorioso"
"Goblin Killer","Mata trasgos"
"Gossip","Rumores"
"Gourmet","Gastrónomo"
"Government","Gobierno"
"Grace, eloquence or empathy","Gracia, elocuencia o empatía"
"Grasp of Earth","El abrazo de la Tierra"
"Grasp of the Air Dragon","El abrazo del dragón de Aire"
"Grasp the Earth Dragon","El abrazo del dragón de Tierra"
"Great","Gran"
"Gunsō","Gunsō"
"Hammer","Martillo"
"Hand Weapons","Armas de mano"
"Hands of Earth and Sky","Las manos de la tierra y el cielo"
"Hands of Tides","Manos de la marea"
"Harvester","Recolector"
"Hasegawa's Denial","La repulsa de Hasegawa"
"Haunting","Fantasma"
"Hawk's Precision","La precisión del halcón"
"Healer's Hands","Manos sanadoras"
"Heart of the Dragon","El corazón del Dragón"
"Heart of the Lion","El corazón del León"
"Heart of the Water Dragon","El corazón del dragón de Agua"
"Heartpiercing Strike","Golpe al corazón"
"Herbal Medicines (per dose)",""
"Hero of [Village]","Héroe de [aldea]"
"Heroic Charge","Carga heroica"
"Hida","Hida"
"Hida Defender School","Escuela de defensor Hida"
"Hidden in Smoke",""
"Hiruma","Hiruma"
"Hiruma Scout School","Escuela de explorador Hiruma"
"History","Historia"
"Honest Assessment","Valoración honesta"
"Horsebow","Arco a caballo"
"Hunted by Chikushō-dō","Odiado por Chikushō-dō"
"I Will Always Return","Siempre volveré"
"Iaijutsu Cut: Crossing Blade","Corte de iaijutsu: hoja cruzada"
"Iaijutsu Cut: Rising Blade","Corte de iaijutsu: hoja ascendente"
"Ichi's Second Sight","La segunda visión de Ichi"
"Ide","Ide"
"Ide Trader School","Escuela de comerciante Ide"
"Ikebana","Ikebana"
"Ikoma","Ikoma"
"Ikoma Shadow School",""
"Ikomo Bard School","Escuela de bardo Ikoma"
"Impatience","Impaciencia"
"Imperial","Imperial"
"Imperial Heritage","Herencia Imperial"
"Inari's Blessing","Bendición de Inari"
"Incisive Insight",""
"Incite Haunting","Incitar tormento"
"Inconspicuous Garb","Atuendo discreto"
"Incurable Illness","Enfermedad incurable"
"Indomitable Will","Voluntad indómita"
"Infamous Builder","Constructor infame"
"Ingenious Design","Diseño ingenioso"
"Insufferable Genius","Genio insufrible"
"Interpersonal","Interpersonal"
"Interpersonal (Name), Mental and Interpersonal (Culture), Physical (Appearance)","Interpersonal (nombre), Mental e Interpersonal (cultura), Física (apariencia)"
"Interpersonal, Infamy","Interpersonal, Infamia"
"Interpersonal, Mental","Interpersonal, Mental"
"Interpersonal, Physical","Interpersonal, Física"
"Interpersonal, Physical or Mental, Scar","Interpersonal, Física o Mental, Cicatriz"
"Interpersonal, Spiritual","Interpersonal, Espiritual"
"Intolerance","Intolerancia"
"Invisible Ink (per inkwell)",""
"Invocations","Invocaciones"
"Iron Forest Style","Estilo del bosque de hierro"
"Iron in the Mountains Style","Estilo del hierro en las montañas"
"Irrepressible Flirtation","Coqueteo irrefrenable"
"Isawa","Isawa"
"Isawa Elementalist School","Escuela de elementalista Isawa"
"Isolation",""
"Item (Rank 6 or Lower)","Objeto (nivel 6 o inferior)"
"Item Patterns","Patrones de objeto"
"Iuchi","Iuchi"
"Iuchi Meishōdō Master School","Escuela de maestro de meishōdō Iuchi"
"Jade Strike","Golpe de jade"
"Jealousy","Envidioso"
"Ji","Ji"
"Jian","Jian"
"Jitte","Jitte"
"Journal","Diario"
"Jurojin's Blessing","Bendición de Jurojin"
"Jurōjin's Balm","Bálsamo de Jurojin"
"Jurōjin's Curse","Maldición de Jurojin"
"Just as Predicted","Como había sido predicho"
"Justice of the Champion","La justicia del Campeón"
"Kabutowari","Kabutowari"
"Kaito","Kaito"
"Kaito Shrine Keeper School","Escuela de guardián de santuario Kaito"
"Kaiu","Kaiu"
"Kaiu Engineer School","Escuela de ingeniero Kaiu"
"Kaiu no Oyumi","Kaiu no Oyumi"
"Kakita","Kakita"
"Kakita Duelist School","Escuela de duelista Kakita"
"Kakita Katana","Katana Kakita"
"Kakita Pattern","Patrón Kakita"
"Kakita Swordsmith School","Escuela de forjador de espadas Kakita"
"Kama","Kama"
"Kamayari",""
"Karmic Tie","Lazo kármico"
"Kasuga","Kasuga"
"Kasuga Smuggler School","Escuela de contrabandista Kasuga"
"Kata","Kata"
"Katana","Katana"
"Katana of Fire","Katana de Fuego"
"Keen Balance","Gran equilibrio"
"Keen Hearing","Oído agudo"
"Keen Sight","Vista aguda"
"Keen Smell","Olfato agudo"
"Kenzō Blade","Espada Kenzō"
"Ki Protection","Protección de ki"
"Kihō","Kihō"
"Kingdom of Paper and Ink","Reino de papel y tinta"
"Kiseru","Kiseru"
"Kisshōten's Blessing","Bendición de Kisshōten"
"Kisshōten's Curse","Maldición de Kisshōten"
"Kitsu","Kitsu"
"Kitsu Medic School","Escuela de médico Kitsu"
"Kitsu Medium School","Escuela de medium Kitsu"
"Kitsuki","Kitsuki"
"Kitsuki Investigator School","Escuela de investigador Kitsuki"
"Kitsuki's Method","El método Kitsuki"
"Kitsune Impersonator Tradition","Tradición de impostor kitsune"
"Kitsune Starting Outfit","Equipo inicial kitsune"
"Knife","Cuchillo"
"Knotwork","Nudos"
"Kolat","Kolat"
"Kolat Saboteur Conspiracy","Saboteador de la conspiración kolat"
"Kubi Bukuro","Kubi bukuro"
"Kuge Lineage","Linaje kuge"
"Kuni","Kuni"
"Kuni Purifier School","Escuela de purificador Kuni"
"Kuni Warden School","Escuela de protector Kuni"
"Kusari-Gama","Kusari-gama"
"Kusarifundo",""
"Kyoketsu Shoge",""
"Labor","Trabajo manual"
"Lackluster",""
"Lacquered Armor","Armadura lacada"
"Lady Doji's Decree","El mandato de la Dama Doji"
"Lady Shinjo's Speed","La velocidad de la Dama Shinjo"
"Large Shield","Escudo grande"
"Large Stature","Gran estatura"
"Lead from the Front","Dirigir desde primera l?ea"
"Legal Primer",""
"Light Sleeper","Sueño ligero"
"Lightning Raid","Ataque relámpago"
"Like a Ghost",""
"Lion","León"
"Lion's Pride","El orgullo del León"
"Little Truths","Pequeñas verdades"
"Loathing for Peasants","Desprecio hacia los plebeyos"
"Local Flare for [Region]",""
"Loneliness","Soledad"
"Lord Akodo's Roar","El rugido del Señor Akodo"
"Lord Bayushi's Whispers","Los susurros del Señor Bayushi"
"Lord Hida's Grip","El abrazo del Seór Hida"
"Lord Shiba's Valor","El valor del Señor Shiba"
"Lord Togashi's Insight","La perspicacia del Señor Togashi"
"Lost Arm or Lost Hand","Manco"
"Lost Eye","Tuerto"
"Lost Fingers","Dedos perdidos"
"Lost Leg","Piernas"
"Lost Memories","Recuerdos perdidos"
"Lost Name","Nombre perdido"
"Lost in the Darkness","Desaparecido en la oscuridad"
"Lucky Cricket","Grillo de la suerte"
"Mahō","Mahō"
"Mahō or Ninjutsu","Mahō o Ninjutsu"
"Maikara's Rebuke","La reprimenda de Maikara"
"Maimed Arm","Brazo mutilado"
"Maimed Visage","Desfigurado"
"Majesty of the Throne","La magnificencia del trono"
"Makeup Kit","Juego de maquillaje"
"Makeup Kit (cheap)",""
"Makeup Kit (expensive)",""
"Makibishi (per handful)",""
"Mantis","Mantis"
"Map of Crab Lands",""
"Mari",""
"Mark of Desecration","Marca de profanación"
"Martial Arts [Melee]","Artes marciales [armas cuerpo a cuerpo]"
"Martial Arts [Ranged]","Artes marciales [armas a distancia]"
"Martial Arts [Unarmed]","Artes marciales [combate sin armas]"
"Martial skill","Habilidad marcial"
"Martial skills","Habilidades marciales"
"Masakari","Masakari"
"Mask of Wind","Máscara de viento"
"Master of Elements","Maestro de los elementos"
"Masterful Builder","Maestro constructor"
"Materialism","Materialismo"
"Matsu","Matsu"
"Matsu Berserker School","Escuela de bersérker Matsu"
"Matsu's Battlecry","El grito de batalla de Matsu"
"Matsu's Fury","La furia de Matsu"
"Medicine","Medicina"
"Medicine Kit","Equipo de medicina"
"Meditation","Meditación"
"Meekness","Docilidad"
"Melee","Armas cuerpo acuerpo"
"Mental","Mental"
"Mental, Interpersonal","Mental, Interpersonal"
"Mental, Physical","Mental, Física"
"Mental, Scar","Mental, Cicatriz"
"Mental, Spiritual","Mental, Espiritual"
"Mental, Virtue","Mental, Virtud"
"Mercenary Ninja Training",""
"Metsubushi (per dose)",""
"Military History","Historia militar"
"Minor","Menor"
"Mirumoto","Mirumoto"
"Mirumoto Taoist Blade School","Escuela de espadachín taolista Mirumoto"
"Mirumoto Two-Heavens Adept School","Escuela de practicante de los Dos Cielos Mirumoto"
"Miya","Miya"
"Miya Cartographer School","Escuela de cartógrafo Miya"
"Miya Herald School","Escuela de heraldo Miya"
"Mizugumo (Water Spider)",""
"Modified Scabbard",""
"Momoku","Momoku"
"Monastic Acolyte","Acólito monacal"
"Monk","Monje"
"Mono Imi Fuda (Taboo Plaque)",""
"Moto","Moto"
"Moto Avenger School","Escuela de vengador Moto"
"Moto Conqueror School","Escuela de conquistador Moto"
"Mundane","Mundana"
"Musical Instrument (common)","Instrumento musical (común)"
"Musical Instrument (fine)","Instrumento musical (buena calidad)"
"Muteness","Mudo"
"Mystical Script","Escritura mística"
"Naginata","Naginata"
"Nature's Touch","El toque de la naturaleza"
"Navigator","Navegante"
"Necessary Actions","Actuaciones necesarias"
"Nerve Damage","Daño nervioso"
"Ninjatō",""
"Ninjutsu","Ninjutsu"
"Ninth Tail Ascension","El advenimiento de la novena cola"
"No Sacrifice Too Greate","Ningún sacrificio es demasiado"
"Nodachi","Nodachi"
"Norimono (Palanquin)",""
"Noxious Cloud","Nube tóxica"
"Nunchaku","Nunchaku"
"O-Gata Dohou","O-Gata Dohou"
"Obtuse","Obtuso"
"Offend the Sensibilities",""
"Omamori","Omamori"
"One Sword of Rarity 7 or Lower","Una espada de rareza 7 o inferior"
"One Weapon of Rarity 6 or Lower","Un arma de rareza 6 o inferior"
"One with the Elements","Uno con los elementos"
"One with the Shadows",""
"One with the Void","Uno con el Vacío"
"Ono","Ono"
"Open-Hand Style","Estilo de la palma abierta"
"Opening and Closing Tools",""
"Osano-wo's Boast","La jactancia de Osano-wo"
"Other","Otro"
"Other item relevant to your ancestor's victory",""
"Otomo","Otomo"
"Otomo Schemer School","Escuela de intrigante Otomo"
"Overconfidence in Charm",""
"Overconfidence in Creativity",""
"Overconfidence in Spiritual Sensitivity",""
"Overconfidence in Subtlety",""
"Overconfidence in Toughness",""
"Oyumi","Oyumi"
"Painful Honesty","Honestidad brutal"
"Paragon of Compassion","Ejemplo de Compasión"
"Paragon of Courage","Ejemplo de Coraje"
"Paragon of Courtesy","Ejemplo de Cortesía"
"Paragon of Duty and Loyalty","Ejemplo de Deber y Lealtad"
"Paragon of Honor","Ejemplo de Honor"
"Paragon of Righteousness","Ejemplo de Rectitud"
"Paragon of Sincerity","Ejemplo de Sinceridad"
"Paranoia","Paranoia"
"Path to Inner Peace","El camino hacia la paz interior"
"Pelting Hail Style","Estilo del vendaval de granizo"
"Perfectionism","Perfeccionista"
"Perfomers' Boat",""
"Performance","Interpretación"
"Personal Seal or Chop","Sello o hanko personal"
"Phobia","Fobia"
"Phoenix","Fénix"
"Physical","Física"
"Physical (Appearance","Física (Apariencia)"
"Physical, Interpersonal","Física, Interpersonal"
"Physical, Interpersonal, Scar","Física, Interpersonal, Cicatriz"
"Physical, Mental","Física, Mental"
"Physical, Scar","Física, Cicatriz"
"Physical, Spiritual","Física, Espiritual"
"Pillar of Calm","Pilar de calma"
"Pillow Book","Libro de almohada"
"Pin the Fan","Clavar el abanico"
"Plated Armor","Armadura de placas"
"Playfulness","Jovialidad"
"Playing Cards","Naipes"
"Poison (per vial)","Veneno (cada vial)"
"Pole-Vault",""
"Polearms","Armas de asta"
"Portable Boat",""
"Portable Ladder",""
"Post Facto",""
"Pot Stirrer",""
"Pouch of Gaijin Coins","Bolsa de monedas gaijin"
"Power of the Earth Dragon","El poder del dragón de Tierra"
"Precise Memory","Memoria perfecta"
"Prepare","Ajuste"
"Prepare (2)","Ajuste (2)"
"Prey on the Weak","Acosar a los desprevenidos"
"Priest","Sacerdote"
"Procedure and Protocol",""
"Professional Saboteur","Saboteador profesional"
"Provocation","Provocación"
"Purge the Wicked","Purificar a los malvados"
"Quick Reflexes","Reflejos rápidos"
"Quiver of Arrows","Aljaba de flechas"
"Quiver of Bolts","Aljaba de virotes"
"Rallying Cry","Grito de guerra"
"Ranged","A distancia"
"Ranged Combat Kata","Katas de combate a distancia"
"Ravenous Swarms","Enjambres famélicos"
"Razor-Edged","Afilada"
"Razor-edged","Afilada"
"Reflections of P'an Ku","Reflejos de P'an Ku"
"Reformed Mahō-Tsukai","Mahō-tsukai reformado"
"Regal Bearing","Porte regio"
"Rending Jaws of the Lion","Las fauces desgarradoras del León"
"Researcher","Investigador"
"Resilient Readiness","Preparación tenaz"
"Resplendent","Resplandeciente"
"Ride the Water Dragon","Montar sobre el dragón de Agua"
"Riding the Clouds","Montar sobre las nubes"
"Ring Exchange","Intercambio de anillos"
"Rise, Air","Álzate, Aire"
"Rise, Earth","Álzate, Tierra"
"Rise, Flame","Álzate, Fuego"
"Rise, Water","Álzate, Agua"
"Rituals","Rituales"
"Rochin","Rochin"
"Rock Gardening","Jardines de roca"
"Rokugani Pony","Poni rokuganés"
"Roll a ten-sided again to determine a Martial skill; gain +1 rank in that skill","Tira de nuevo un dado de diez caras para determinar una habilidad marcial; adquieres un nivel adicional en esta habilidad."
"Roll a ten-sided die again and add the resulting family heirloom to your starting items. You choose one quality and the GM chooses one quality from the list of item qualities, on page 240; these are applied to the item.","Tira de nuevo un dado de diez caras y añade la herencia familiar resultante a tu equipo inicial. Tú eliges una propiedad y el DJ elige otra de la lista de propiedades de objetos, en la página ++240++. Aplica las propiedades al objeto."
"Roll a ten-sided die again to determin your lost family heirloom, which exists somewhere in the world. You choose one quality and the GM chooses one quality; these are applied to the item. You do not know where the heirloom is, but you could later reclaim it during the campaign.","Tira de nuevo un dado de diez caras para determinar tu herencia familiar perdida, que existe en algún lugar del mundo. Tú eliges una propiedad y el DJ elige otra de la lista de propiedades de objetos, en la página ++240++; ambas se aplican al artículo. No sabes dónde está, pero podrías recuperarla más adelante durante la campaña."
"Roll a ten-sided die again to determine a Scholar skill; gain +1 rank in that skill","Tira de nuevo un dado de diez caras para determinar una habilidad académica; adquieres un nivel adicional en esta habilidad."
"Roll a ten-sided die again to determine a Social skill; gain +1 rank in that skill","Tira de nuevo un dado de diez caras para determinar una habilidad social; adquieres un nivel adicional en esta habilidad."
"Roll a ten-sided die again to determine a Trade skill; gain +1 rank in that skill","Tira de nuevo un dado de diez caras para determinar una habilidad mercantil; adquieres un nivel adicional en esta habilidad"
"Roll a ten-sided die again to determine a skill to aid in learning of your ancestor's fate; gain +1 rank in that skill.","Tira de nuevo un dado de diez caras para determinar una habilidad que te ayude a descubrir el destino de tu ancestro; adquiere un nivel adicional en esta habilidad."
"Roll a ten-sided die again to determine a skill to aid in learning of your ancestor's fate; gain +1 rank in that skill. Additionally, your ancestor might still be alive, in the Shadowlands...waiting.","Tira de nuevo un dado de diez caras para determinar una habilidad que te ayude a descubrir el destino de tu ancestro; adquiere un nivel adicional en esta habilidad. Además, tu ancestro puede seguir vivo, en las Tierras Sombrías... esperando."
"Roll a ten-sided die again to determine a skill to aoid in restoring your ancestor's name; gain +1 rank in that skill.","Tira de nuevo un dado de diez caras para determinar una habilidad que te ayude a limpiar el nombre de tu ancestro; adquiere un nivel adicional en esta habilidad."
"Roll a ten-sided die again to determine an Artisan skill; gain +1 rank in that skill.","Tira de nuevo un dado de diez caras para determinar una habilidad artesanal; adquieres un nivel adicional en esta habilidad."
"Roll a ten-sided die and add the resulting family heirloom to your starting items. You choose one quality and the GM chooses one quality from the list of item qualities on page 240 of the core rulebook; these are applied to the item.",""
"Roll a ten-sided die to determine a skill that can aid you in discovering the truth about your lineage.",""
"Roll a ten-sided die to determine a skill to aid you in bringing your disgraced kin to justice.",""
"Rope (fifty feet)",""
"Rope (per foot, cheap)","Cuerda (barata, cada 30 cm)"
"Rope (per foot, expensive)","Cuerda (cada, cada 30 cm)"
"Rope (twenty feet)","Cuerda (6 metros)"
"Rouse the Soul","Conmover el alma"
"Rushing Avalanche Style","Estilo de la avalancha precipitada"
"Rustling of Leaves","El susurro de las hojas"
"Ruthless Victor","Vencedor despiadado"
"Sacred","Sagrada"
"Sacred Arrows","Flechas sagradas"
"Sacred Art of Steel","El sagrado arte del acero"
"Sacred Fist","Puño sagrado"
"Sai","Sai"
"Sailor's Fortune","La suerte del marinero"
"Sailor's Garb","Ropa de marinero"
"Sailor's Tongue","La labia del marinero"
"Sake","Sake"
"Sake Cup","Taza de sake"
"Sanctified Robes","Ropa consagrada"
"Sapper's Kit","Equipo de zapador"
"Satchel of Imperial Proclamations","Bolsa de decretos imperiales"
"Satchel of Medicinal Supplies","Bolsa de suministros médicos"
"Scholar skill","Habilidad académica"
"Scholar skills","Habilidades académicas"
"School of Waves","La escuela de las olas"
"Scimitar","Cimitarra"
"Scorn of [One Group]","Desprecio de [un grupo]"
"Scorpion","Escorpión"
"Scouring Sirocco","Siroco desgarrador"
"Scroll Satchel","Bolsa de pergaminos"
"Scroll designating rank",""
"Sea Legs","Equilibrio de marinero"
"Seafaring","Navegación"
"Sear the Wound","Quemar la herida"
"Seasoned","Veterano"
"Secrets","Secretos"
"Secrets on the Wind","Secretos en el viento"
"Sekihitsu",""
"Self-awareness, insight or mysticism","Conocimiento de uno mismo, perspicacia o misticismo"
"Sensational Distraction","Distracción espectacular"
"Sensing the Breeze","Sentir la brisa"
"Sentiment","Sentimiento"
"Seppun","Seppun"
"Seppun Astrologer School","Escuela de astrólogo Seppun"
"Seppun Palace Guard School","Escuela de guardia de palacio Seppun"
"Servant of the Kami","Siervo de los kami"
"Set of glass vials","Juego de viales de cristal"
"Shadowlands Taint (Air)","Mancha de las Tierras Sombrías (Aire)"
"Shadowlands Taint (Earth)","Mancha de las Tierras Sombrías (Tierra)"
"Shadowlands Taint (Fire)","Mancha de las Tierras Sombrías (Fuego)"
"Shadowlands Taint (Void)","Mancha de las Tierras Sombrías (Vacío)"
"Shadowlands Taint (Water)","Mancha de las Tierras Sombrías (Agua)"
"Shadowlands Taint [Blasphemous Appetites]","Mancha de las Tierras Sombrías [Apetitos blasfemos]"
"Shadowlands Taint [Distorted Limbs]","Mancha de las Tierras Sombrías [extremidades retorcidas]"
"Shadowlands Taint [Kaisen Whispers]","Mancha de las Tierras Sombrías [Susurros de los kansen]"
"Shadowlands Taint [One with the Darkness]","Mancha de las Tierras Sombrías [Uno con la oscuridad]"
"Shadowlands Taint [Unnatural Skin]","Mancha de las Tierras Sombrías [Piel antinatural]"
"Shakuhachi",""
"Shallow Waters","Aguas someras"
"Shape the Flesh","Transformar la carne"
"Shark Leather Armor","Armadura de cuero de tiburón"
"Sharpened Ki","Ki afilado"
"Shell of the Tortoise","El caparazón de la Tortuga"
"Shiba","Shiba"
"Shiba Artist School",""
"Shiba Guardian School","Escuela de guardián Shiba"
"Shields","Escudos"
"Shika",""
"Shika Matchmaker School",""
"Shika Spear Dancer School",""
"Shinjo","Shinjo"
"Shinjo Outrider School","Escuela de batidor Shinjo"
"Shinobi","Shinobi"
"Shinobi, Courtier","Shinobi, Cortesano"
"Shinobigatana",""
"Shinseist Monk Order","Monje de orden shinseísta"
"Shirogane Jade Inlay","Incrustaciones de jade Shirogane"
"Shosuro","Shosuro"
"Shosuro Infiltrator School","Escuela de infiltrador Shosuro"
"Shoulder","Hombro"
"Shugenja","Shugenja"
"Shugenja, Artisan","Shugenja, Artesano"
"Shugenja, Bushi","Shugenja, Bushi"
"Shugenja, Courtier, Shinobi","Shugenja, Cortesano, Shinobi"
"Shuriken","Shuriken"
"Shūji","Shūji"
"Siege Wepaons","Armas de asedio"
"Signature Scrolls","Pergaminos especiales"
"Silencing Stroke","Golpe silenciador"
"Silent Elimination",""
"Sinful Whispers","Susurros pecaminosos"
"Sixth Sense","Sexto sentido"
"Skepticism","Escepticismo"
"Skill","Habilidad"
"Skilled Attendant","Asistente entrenado"
"Skulduggery","Actividad criminal"
"Skulk","Merodear"
"Slayer's Slash","La estocada del cazador"
"Sleeping Garb","Ropa de dormir"
"Slicing Wind Kick",""
"Slippery Maneuvers","Maniobras escurridizas"
"Small Shield","Escudo pequeño"
"Small Stature","Pequeña estatura"
"Smithing","Herrería"
"Smithy's Kit","Equipo de herrero"
"Smoke Arrows","Flechas de humo"
"Snaring","Apresadora"
"Soaring Slice","Corte ascendente"
"Social skill","Habilidad social"
"Social skills","Habilidades sociales"
"Sode","Sode"
"Softheartedness","Blando de corazón"
"Sokutoki",""
"Soshi","Soshi"
"Soshi Illusionist School","Escuela de ilusionista Soshi"
"Soul Sunder","Destructor de almas"
"Speaking in Silence","Hablar en silencio"
"Specialist Weapons","Armas de especialista"
"Speed of Heaven","La velocidad del Cielo"
"Spices (common)","Especias (comunes)"
"Spices (rare)","Especias (raras)"
"Spin the Web","Tejer la tela"
"Spinning Blades Style","Estilo de las hojas giratorias"
"Spiritual","Espiritual"
"Spiritual Artisan","Artesano espiritual"
"Spiritual Protector","Protector espiritual"
"Spiritual Shackles","Grilletes espirituales"
"Spiritual, Interpersonal","Espiritual, Interpersonal"
"Spiritual, Scar","Espiritual, Cicatriz"
"Spiteful Love",""
"Spread Corruption","Extender la corrupción"
"Spy","Espía"
"Spy Network",""
"Spyglass","Catalejo"
"Stand of Honor","Lugar de honor"
"Stealth Clothing",""
"Still the Elements","Acallar los elementos"
"Stillness of Death",""
"Stir the Slumbering Spirit","Despertar al espíritu adormecido"
"Stirring the Embers","Remover las brasas"
"Stolen Knowledge","Conocimiento robado"
"Stonewall Tactics","Tácticas de obstrucción"
"Stories","Historias"
"Storm Bow","Arco de tormenta"
"Storm Fleet Sailor School","Escuela de marinero de la flota de tormenta"
"Storm Fleet Tide Seer","Vidente de las mareas de la flota de tormenta"
"Storm Lord's Gambit","La jugada del señor de la tormenta"
"Storm Surge","La oleada de la tormenta"
"Strength of a Thousand Ancestors","La fuerza de un millar de ancestros"
"Stride the Waves","Surcar el oleaje"
"Strike First, Strike Last",""
"Strike the Tsunami","El gope del tsunami"
"Strike with No Thought","Golpe del no pensamiento"
"Striking as Air","Golpe de Aire"
"Striking as Earth","Golpe de Tierra"
"Striking as Fire","Golpe de Fuego"
"Striking as Void","Golpe de Vacío"
"Striking as Water","Golpe de Agua"
"Subtle","Discreta"
"Subtle Observer","Observador sutil"
"Sudden Clarity",""
"Suijin's Embrace","El abrazo de Suijin"
"Summon Fog","Invocar niebla"
"Superstition","Superstición"
"Support of [One Group]","Apoyo de [un grupo]"
"Support of the Kakita Dueling Academy",""
"Suppressing Blows","Golpes supresores"
"Survival","Supervivencia"
"Sweets (per four servings)","Dulces (cada cuatro piezas)"
"Swirling Desert Wind","Torbellino del desierto"
"Sword of Blood","Espada sangrienta"
"Swords","Espadas"
"Sworn Enemy","Enemigo mortal"
"Symbol of Earth","Símbolo de Tierra"
"Sympathetic Energies","Energías solidarias"
"Tactical Assessment","Valoración estratégica"
"Tactics","Estrategia"
"Tainted Blood","Sangre manchada"
"Tainted Warrior","Guerrero manchado"
"Take Them Alive","Cogedles con vida"
"Taketaba","Taketaba"
"Taraibune","Taraibune"
"Tatami Gusoku","Tatami Gusoku"
"Tate","Tate"
"Tattoo Needles (per set)","Agujas para tatuar (por juego)"
"Tea","Té"
"Tea Ceremony","Ceremonia del té"
"Tea Set (portable)","Juego de té (portátil)"
"Technique","Técnica"
"Tekagi",""
"Tekkan","Tekkan"
"Tekken",""
"Tempest of Air","Tempestad de Aire"
"Tent (chomchong)","Tienda de campaña (chomchong)"
"Tent (small)","Tienda de campaña (pequeña)"
"Tent (yurt)","Tienda de campaña (yurta)"
"Tenugui",""
"Tessen","Tessen"
"Tetsubō","Tetsubō"
"Tetsubō of Earth","Tetsubō de Tierra"
"The Blood Price","El precio en sangre"
"The Body is an Anvil","El cuerpo es un yunque"
"The Cleansing Fire","Fuegos purificadores"
"The Clouds Part","Las nubes se apartan"
"The Damned","Los malditos"
"The Effortless Path","La senda natural"
"The Eyes Betray the Heart","Los ojos traicionan al corazón"
"The Families of the Fleet","Las familias de la flota"
"The Final Silence","El silencio final"
"The Fires from Within","Fuegos internos"
"The Great Silence","El gran silencio"
"The Immovable Hand of Peace","La mano inmutable de la paz"
"The Imperial Families","Las familias Imperiales"
"The Kami's Whisper","El susurro de los kami"
"The Lady's Grace","La elegancia de la Dama"
"The Lowest Bow",""
"The Mountain Does Not Fall","La montaña no cae"
"The Path of Shadows","La senda de las sombras"
"The Rushing Wave","La ola apresurada"
"The Soul's Blade","La hoja del alma"
"The Spirits Unbound","Espíritus desatados"
"The Standing Death",""
"The Ties that Bind",""
"The Way of Names","La senda de los nombres"
"The Wind Blows Both Ways","El viento sopla en ambos sentidos"
"The deed to a small piece of land on the border of Lion territory",""
"Theology","Teología"
"Thoroughness, patience or calm","Minuciosidad, paciencia o calma"
"Threshold Barrier","Barrera del umbral"
"Thunderclap Strike","Golpe atronador"
"Tinbe","Tinbe"
"To Float or Sink",""
"To Tread the Sword","Hollar la espada"
"Togashi Chronicler School",""
"Togashi Order","Orden Togashi"
"Togashi Tattooed Order","Orden de monjes tatuados Togashi"
"Token of Memory","Recuerdo simbólico"
"Tomb of Jade","Tumba de jade"
"Tonfa","Tonfa"
"Toritaka","Toritaka"
"Toritaka Phantom Hunter School","Escuela de cazador de fantasmas Toritaka"
"Tortoise","Tortuga"
"Tosei-Gusoku","Tosei-Gusoku"
"Touch the Void Dragon","El toque del dragón de Vacío"
"Touchstone of Courage","Los cimientos del coraje"
"Traces of Passage","Señales de paso"
"Trade skill","Habilidad mercantil"
"Trade skills","Habilidades mercantiles"
"Travel","Viajes"
"Traveling Clothes","Ropa de viaje"
"Traveling Pack","Equipo de viaje"
"Traveling Rations (per meal)","Raciones de viajes (cada comida)"
"Treasures of the Carp","Tesoros de la carpa"
"Treaty Signing",""
"Tributaries of Trade","Afluentes comerciales"
"Trident","Tridente"
"Trip the Leg",""
"Triumph During Gempuku",""
"Triumph Over the Lion",""
"Truth Burns through Lies","La verdad consume las mentiras"
"Tsuruhashi","Tsuruhashi"
"Twenty Goblin Thief","Ladrón de veinte trasgos"
"Twenty-Goblin Crab","Cangrejo de veinte trasgos"
"Twisted Summons","Invocación retorcida"
"Two Items of Rarity 4 or Lower","Dos artículos de rareza 4 o inferior"
"Two Weapons of Rarity 6 or Lower","Dos armas de rareza 6 o inferior"
"Typhoon in the Bamboo Grove",""
"Uchema's Technique","La técnica de Uchema"
"Uchitake",""
"Umbrella","Paraguas"
"Unarmed",""
"Unforgivable Performance",""
"Unholy","Impío"
"Unholy Fervor","Fervor impío"
"Unicorn","Unicornio"
"Unicorn Warhorse","Caballo de guerra Unicornio"
"Unsavory Past",""
"Unusual Name Origin","Nombre de origen inusual"
"Unyielding Terms",""
"Usher in the New Age","Dar paso a la nueva era"
"Utaku","Utaku"
"Utaku Battle Maiden School","Escuela de doncella de batalla Utaku"
"Utaku Steed","Corcel Utaku"
"Vapor of Nightmares","Vapor de pesadilla"
"Veiled Menace Style","Estilo de la amenaza velada"
"Vendor of Strange Wares","Proveedor de extrañas mercancías"
"Vengeance for the Fallen","Venganza por los caídos"
"Victory before Honor",""
"Victory is the Greatest Honor",""
"Vigilance of Mind","Mente vigilante"
"Voice of Authority","La voz de la autoridad"
"Voice of the Emperor","La voz del Emperador"
"Void","Vacío"
"Void Kihō","Kihō de Vacío"
"Void Shūji","Shūji de Vacío"
"Void ring exchange","Intercambio del anillo de Vacío"
"Wakizashi","Wakizashi"
"Wall of Earth","Muro de Tierra"
"Wall of Fire","Muro de Fuego"
"Warded Shikigami","Shikigami protegido"
"Wargear","Bélica"
"Warrior's Resolve","La determinación del guerrero"
"Water","Agua"
"Water Fist","Puño de Agua"
"Water Invocations","Invocaciones de Agua"
"Water Kihō","Kihō de Agua"
"Water Shūji","Shūji de Agua"
"Way of the Carp","La senda de la carpa"
"Way of the Crab","La senda del Cangrejo"
"Way of the Crane","La senda de la Grulla"
"Way of the Dragon","La senda del Dragón"
"Way of the Earthquake","La senda del terremoto"
"Way of the Edgeless Sword","La senda de la espada sin filo"
"Way of the Falling Star","La senda de la estrella fugaz"
"Way of the Lion","La senda del León"
"Way of the Phoenix","La senda del Fénix"
"Way of the Scorpion",""
"Way of the Seafoam","La senda de la espuma marina"
"Way of the Tortoise","La senda de la Tortuga"
"Way of the Willow","La senda del sauce"
"Weakness Is My Strength","La debilidad es mi fuerza"
"Web of Lies",""
"Weight of Duty","La carga del deber"
"Well Connected","Bien conectado"
"Well Connected in [City]",""
"Well Traveled","Viajero"
"Well of Desire","Fuente de deseo"
"What's Yours Is Mine",""
"Whetstone","Piedra de afilar"
"Whispers of Court","Susurros de la corte"
"Whispers of Cruelty","Rumores de crueldad"
"Whispers of Doom","Rumores de perdición"
"Whispers of Failure","Rumores de fracaso"
"Whispers of Poverty","Rumores de pobreza"
"Whispers of Treachery","Rumores de traición"
"Wings of the Phoenix","Las alas del Fénix"
"Wisdom of the Ages","La sabiduría de los siglos"
"Witch Hunter","Cazador de brujos"
"Wolf's Proposal","La proposición del lobo"
"Wondrous Work","Obra maravillosa"
"Wordplay","Juegos de palabras"
"World of Shadows","Mundo de sombras"
"Worldly Rōnin Path","Senda del rōnin experimentado"
"Wrath of Kaze-no-Kami","La ira de Kaze-no-Kami"
"Yari","Yari"
"Yari of Air","Yari de Aire"
"Yasuki","Yasuki"
"Yasuki Merchant School","Escuela de comerciante Yasuki"
"Yasuki Yōjimbō School",""
"Yasunori Steel","Acero Yasunori"
"Yogo","Yogo"
"Yogo Preserver School","Escuela de preservador Yogo"
"Yogo Wardmaster School","Escuela de maestro de protecciones Yogo"
"Yoriki","Yoriki"
"Yotogi's Piercing Gaze","La mirada penetrante de Yotogi"
"You gain the Benten's Curse (air) disadvantage (see page 116 of the core rulebook). Rolla ten-sided die to determine a skill that will help redeem your family.",""
"You gain the Blessed Lineage advantage (see page 103 of the core rulebook). This can be assigned in excess of the normal limitations on disadvantages at character creation. While on the Wall, your glory rank is treated as 1 higher.","Adquieres la ventaja Linaje bendito (consulta la página ++103++ del manual básico). Esta puede asignarse por encima de las limitaciones normales de desventajas durante la creación de personajes. Mientras te encuentres en la Muralla tu rango de Gloria se considera uno superior."
"You gain the Blessed Lineage advantage (see page 103) (this can be assigned in excess of the normal limitations on advantages at character creation).","Adquieres la ventaja Linaje bendito (consulta la página ++103++ del manual básico). Esta puede asignarse por encima de las limitaciones normales de desventajas durante la creación de personajes."
"You gain the Fallen Ancestor disadvantage (see 98). Choose one of your character's rings; you may reduce the value of that ring by 1 to increase the value of your Void Ring by 1 (this still cannot raise it above 3).","Adquieres la desventaja Ancestro caído (consulta la página ++98++). Elige uno de los anillos de tu ancestro; puedes reducir en 1 el valor de ese anillo para incrementar el valor de su anillo de Vacío (aunque sigue sin poder subir por encima de 3)."
"You gain the Haunting (Void) adversity (see page 122 of the core rulebook). This can be assigned in excess of the normal limitations on disadvantages at character creation. Roll a ten-sided die again to determine a Martial skill; gain +1 rank in that skill.","Adquieres la adversidad Fantasma (Vacío) (consulta la página ++122++ del manual básico). Esta ventaja puede asignarse por encima de las limitaciones normales de desventajas durante la creación de personajes. Tira de nuevo un dado de diez caras para determinar una habilidad marcial: adquieres un nivel adicional en esta habilidad."
"You gain the Isolation anxiety (see page 103). Choose one of your character's rings; you may reduce the value of this ring by 1 to increase the value of your Fire or Air Ring bi 1 (this still cannot raise it above 3).",""
"You gain the Support of the Kakita Dueling Academy distinction, where the Topaz Championship takes place.",""
"You know one additional technique. Roll a ten-sided die again to determine the category, and then select one technique with a prerequisite of school rank 1 and learn that technique. You can perform that technique even if it is not normally allowed by your school.","Conoces una técnica adicional. Tira de nuevo un dado de diez caras para determinar la categoría, y luego elige una técnica con un prerrequisito de rango de escuela 1 y apréndela. Puedes ejecutar esta técnica aunque normalmente tu escuela no te lo permita."
"Yumi","Yumi"
"Yōjimbō","Yōjimbō"
"Zanbatō","Zanbatō"
"another item","otro objeto"
"any","cualquiera"
"boat or estate","barco o hacienda"
"bu","bu"
"horse or other animal","caballo otro animal"
"koku","koku"
"lost family heirloom","herencia familiar perdida"
"other","otro"
"set of armor","conjunto de armadura"
"skill","habilidad"
"skill_group","grupo_habilidad"
"starting item","equipo inicial"
"technique","técnica"
"technique_group","grupo_técnica"
"weapon","arma"
"zeni","zeni"
"Ō-yoroi","Ō-yoroi"
"Ōtsuchi","Ōtsuchi"
